sa,geo,year,naics_sector,business_applications,business_applications_from_corporations,high‚Äêpropensity_business_applications_ba_wba___business_applications_with_planned_wages
A,AK,2005,Total for All NAICS,4770.0,1028.0,2708.0
A,AK,2006,Total for All NAICS,5218.0,1142.0,2961.0
A,AK,2007,Total for All NAICS,5197.0,1024.0,2855.0
A,AK,2008,Total for All NAICS,4902.0,749.0,2428.0
A,AK,2009,Total for All NAICS,4452.0,607.0,2122.0
A,AK,2010,Total for All NAICS,4698.0,564.0,2096.0
A,AK,2011,Total for All NAICS,5143.0,601.0,2266.0
A,AK,2012,Total for All NAICS,5255.0,576.0,2210.0
A,AK,2013,Total for All NAICS,5386.0,524.0,2195.0
A,AK,2014,Total for All NAICS,5394.0,678.0,2311.0
A,AK,2015,Total for All NAICS,5970.0,843.0,2586.0
A,AK,2016,Total for All NAICS,6381.0,626.0,2571.0
A,AK,2017,Total for All NAICS,7379.0,567.0,2398.0
A,AK,2018,Total for All NAICS,9219.0,507.0,2341.0
A,AK,2019,Total for All NAICS,8183.0,924.0,2811.0
A,AK,2020,Total for All NAICS,7973.0,424.0,2504.0
A,AK,2021,Total for All NAICS,8083.0,467.0,2857.0
A,AL,2005,Total for All NAICS,31439.0,7275.0,16112.0
A,AL,2006,Total for All NAICS,33976.0,7784.0,17331.0
A,AL,2007,Total for All NAICS,33902.0,7441.0,16882.0
A,AL,2008,Total for All NAICS,31758.0,5130.0,13765.0
A,AL,2009,Total for All NAICS,29537.0,4457.0,12537.0
A,AL,2010,Total for All NAICS,30249.0,4419.0,12431.0
A,AL,2011,Total for All NAICS,29313.0,3792.0,12113.0
A,AL,2012,Total for All NAICS,29997.0,3663.0,11934.0
A,AL,2013,Total for All NAICS,29545.0,3276.0,11107.0
A,AL,2014,Total for All NAICS,29267.0,3362.0,11143.0
A,AL,2015,Total for All NAICS,31854.0,3259.0,11369.0
A,AL,2016,Total for All NAICS,34751.0,3143.0,11834.0
A,AL,2017,Total for All NAICS,37085.0,3263.0,11988.0
A,AL,2018,Total for All NAICS,42206.0,3236.0,12366.0
A,AL,2019,Total for All NAICS,41516.0,3180.0,12812.0
A,AL,2020,Total for All NAICS,59961.0,3269.0,16401.0
A,AL,2021,Total for All NAICS,75358.0,3562.0,20814.0
A,AR,2005,Total for All NAICS,19260.0,5958.0,10789.0
A,AR,2006,Total for All NAICS,20436.0,6164.0,11384.0
A,AR,2007,Total for All NAICS,19844.0,5756.0,10893.0
A,AR,2008,Total for All NAICS,18478.0,4317.0,9136.0
A,AR,2009,Total for All NAICS,18092.0,3874.0,8568.0
A,AR,2010,Total for All NAICS,18011.0,3456.0,8247.0
A,AR,2011,Total for All NAICS,18147.0,3250.0,8344.0
A,AR,2012,Total for All NAICS,18070.0,3037.0,8037.0
A,AR,2013,Total for All NAICS,17650.0,2866.0,7804.0
A,AR,2014,Total for All NAICS,18260.0,2758.0,7949.0
A,AR,2015,Total for All NAICS,19268.0,2661.0,7947.0
A,AR,2016,Total for All NAICS,20658.0,2430.0,8262.0
A,AR,2017,Total for All NAICS,23298.0,2605.0,8721.0
A,AR,2018,Total for All NAICS,25856.0,2603.0,8986.0
A,AR,2019,Total for All NAICS,25544.0,2513.0,8869.0
A,AR,2020,Total for All NAICS,32610.0,2505.0,10526.0
A,AR,2021,Total for All NAICS,41569.0,2724.0,13095.0
A,AZ,2005,Total for All NAICS,57238.0,14022.0,29674.0
A,AZ,2006,Total for All NAICS,63287.0,15452.0,33016.0
A,AZ,2007,Total for All NAICS,65120.0,13803.0,32307.0
A,AZ,2008,Total for All NAICS,62162.0,8215.0,24372.0
A,AZ,2009,Total for All NAICS,58679.0,7094.0,21852.0
A,AZ,2010,Total for All NAICS,58445.0,6298.0,21355.0
A,AZ,2011,Total for All NAICS,58289.0,5542.0,20803.0
A,AZ,2012,Total for All NAICS,55708.0,5013.0,19655.0
A,AZ,2013,Total for All NAICS,55948.0,4953.0,19980.0
A,AZ,2014,Total for All NAICS,55812.0,4908.0,19642.0
A,AZ,2015,Total for All NAICS,57721.0,4670.0,19785.0
A,AZ,2016,Total for All NAICS,61938.0,4508.0,20560.0
A,AZ,2017,Total for All NAICS,68148.0,4739.0,21581.0
A,AZ,2018,Total for All NAICS,74005.0,4681.0,22106.0
A,AZ,2019,Total for All NAICS,76738.0,4919.0,23885.0
A,AZ,2020,Total for All NAICS,89670.0,5008.0,26627.0
A,AZ,2021,Total for All NAICS,113421.0,6242.0,34236.0
A,CA,2005,Total for All NAICS,274214.0,105637.0,169817.0
A,CA,2006,Total for All NAICS,287192.0,108153.0,175927.0
A,CA,2007,Total for All NAICS,288549.0,108308.0,174220.0
A,CA,2008,Total for All NAICS,267013.0,93568.0,148537.0
A,CA,2009,Total for All NAICS,251359.0,84000.0,134528.0
A,CA,2010,Total for All NAICS,258690.0,79302.0,131912.0
A,CA,2011,Total for All NAICS,272650.0,80676.0,138657.0
A,CA,2012,Total for All NAICS,270846.0,81620.0,138504.0
A,CA,2013,Total for All NAICS,280677.0,88237.0,145103.0
A,CA,2014,Total for All NAICS,290439.0,93222.0,147644.0
A,CA,2015,Total for All NAICS,306717.0,100676.0,156787.0
A,CA,2016,Total for All NAICS,315367.0,101282.0,157372.0
A,CA,2017,Total for All NAICS,328224.0,104158.0,159950.0
A,CA,2018,Total for All NAICS,367014.0,114419.0,176010.0
A,CA,2019,Total for All NAICS,368230.0,110145.0,171477.0
A,CA,2020,Total for All NAICS,440258.0,118150.0,188931.0
A,CA,2021,Total for All NAICS,520421.0,131475.0,219165.0
A,CO,2005,Total for All NAICS,56135.0,18556.0,32411.0
A,CO,2006,Total for All NAICS,59414.0,19424.0,34806.0
A,CO,2007,Total for All NAICS,61420.0,18065.0,33692.0
A,CO,2008,Total for All NAICS,59187.0,12965.0,26564.0
A,CO,2009,Total for All NAICS,59301.0,12066.0,26192.0
A,CO,2010,Total for All NAICS,61793.0,11250.0,26513.0
A,CO,2011,Total for All NAICS,59845.0,9962.0,25129.0
A,CO,2012,Total for All NAICS,61152.0,9719.0,25118.0
A,CO,2013,Total for All NAICS,63970.0,9311.0,25622.0
A,CO,2014,Total for All NAICS,68895.0,9991.0,27347.0
A,CO,2015,Total for All NAICS,72256.0,10655.0,28990.0
A,CO,2016,Total for All NAICS,75491.0,9950.0,28936.0
A,CO,2017,Total for All NAICS,80725.0,10551.0,30424.0
A,CO,2018,Total for All NAICS,88297.0,10908.0,32325.0
A,CO,2019,Total for All NAICS,86786.0,10439.0,31396.0
A,CO,2020,Total for All NAICS,93533.0,10918.0,32527.0
A,CO,2021,Total for All NAICS,111347.0,12962.0,38653.0
A,CT,2005,Total for All NAICS,28608.0,3274.0,12736.0
A,CT,2006,Total for All NAICS,30778.0,3714.0,13324.0
A,CT,2007,Total for All NAICS,30031.0,3702.0,12787.0
A,CT,2008,Total for All NAICS,27934.0,2741.0,10526.0
A,CT,2009,Total for All NAICS,26114.0,2508.0,9640.0
A,CT,2010,Total for All NAICS,26426.0,2670.0,9920.0
A,CT,2011,Total for All NAICS,26201.0,2429.0,9843.0
A,CT,2012,Total for All NAICS,27054.0,2555.0,9969.0
A,CT,2013,Total for All NAICS,26297.0,2497.0,9517.0
A,CT,2014,Total for All NAICS,26304.0,2540.0,9506.0
A,CT,2015,Total for All NAICS,26383.0,2311.0,9500.0
A,CT,2016,Total for All NAICS,27905.0,2190.0,9310.0
A,CT,2017,Total for All NAICS,30256.0,2338.0,9474.0
A,CT,2018,Total for All NAICS,34111.0,2468.0,10078.0
A,CT,2019,Total for All NAICS,32871.0,2580.0,10253.0
A,CT,2020,Total for All NAICS,37477.0,2433.0,10572.0
A,CT,2021,Total for All NAICS,47336.0,3047.0,13470.0
A,DC,2005,Total for All NAICS,7346.0,1558.0,3478.0
A,DC,2006,Total for All NAICS,7997.0,1740.0,3818.0
A,DC,2007,Total for All NAICS,7893.0,1625.0,3597.0
A,DC,2008,Total for All NAICS,7969.0,1383.0,3244.0
A,DC,2009,Total for All NAICS,7731.0,1354.0,3169.0
A,DC,2010,Total for All NAICS,7986.0,1181.0,3146.0
A,DC,2011,Total for All NAICS,8517.0,1165.0,3251.0
A,DC,2012,Total for All NAICS,8482.0,1188.0,3277.0
A,DC,2013,Total for All NAICS,8568.0,1182.0,3190.0
A,DC,2014,Total for All NAICS,9262.0,1199.0,3165.0
A,DC,2015,Total for All NAICS,10058.0,1293.0,3408.0
A,DC,2016,Total for All NAICS,9889.0,1126.0,3345.0
A,DC,2017,Total for All NAICS,10716.0,1243.0,3585.0
A,DC,2018,Total for All NAICS,11930.0,1250.0,3663.0
A,DC,2019,Total for All NAICS,12341.0,1205.0,3631.0
A,DC,2020,Total for All NAICS,14661.0,1170.0,3879.0
A,DC,2021,Total for All NAICS,16873.0,1223.0,4709.0
A,DE,2005,Total for All NAICS,11424.0,4029.0,6426.0
A,DE,2006,Total for All NAICS,11678.0,3915.0,6337.0
A,DE,2007,Total for All NAICS,13323.0,4043.0,6616.0
A,DE,2008,Total for All NAICS,13244.0,3299.0,5508.0
A,DE,2009,Total for All NAICS,12850.0,3154.0,5129.0
A,DE,2010,Total for All NAICS,13122.0,3257.0,5445.0
A,DE,2011,Total for All NAICS,14721.0,3232.0,5742.0
A,DE,2012,Total for All NAICS,15590.0,3496.0,5853.0
A,DE,2013,Total for All NAICS,15776.0,3849.0,6201.0
A,DE,2014,Total for All NAICS,16716.0,4098.0,6547.0
A,DE,2015,Total for All NAICS,17152.0,3991.0,6554.0
A,DE,2016,Total for All NAICS,19767.0,4343.0,7046.0
A,DE,2017,Total for All NAICS,23203.0,4523.0,7390.0
A,DE,2018,Total for All NAICS,26397.0,4632.0,7752.0
A,DE,2019,Total for All NAICS,25971.0,5137.0,8486.0
A,DE,2020,Total for All NAICS,31053.0,5956.0,9966.0
A,DE,2021,Total for All NAICS,44774.0,8676.0,14119.0
A,FL,2005,Total for All NAICS,283938.0,158067.0,200411.0
A,FL,2006,Total for All NAICS,290193.0,160267.0,204530.0
A,FL,2007,Total for All NAICS,280923.0,142664.0,187482.0
A,FL,2008,Total for All NAICS,253798.0,110104.0,149804.0
A,FL,2009,Total for All NAICS,246309.0,102689.0,142124.0
A,FL,2010,Total for All NAICS,255052.0,101585.0,142760.0
A,FL,2011,Total for All NAICS,270396.0,103476.0,149463.0
A,FL,2012,Total for All NAICS,272022.0,98299.0,144486.0
A,FL,2013,Total for All NAICS,282089.0,96103.0,145301.0
A,FL,2014,Total for All NAICS,296470.0,95428.0,149771.0
A,FL,2015,Total for All NAICS,321099.0,97927.0,156510.0
A,FL,2016,Total for All NAICS,343064.0,96304.0,158755.0
A,FL,2017,Total for All NAICS,361253.0,95724.0,161223.0
A,FL,2018,Total for All NAICS,395241.0,98769.0,170289.0
A,FL,2019,Total for All NAICS,394181.0,92054.0,163057.0
A,FL,2020,Total for All NAICS,502467.0,95145.0,186733.0
A,FL,2021,Total for All NAICS,636775.0,104945.0,224619.0
A,GA,2005,Total for All NAICS,97978.0,32478.0,56097.0
A,GA,2006,Total for All NAICS,110034.0,36291.0,62023.0
A,GA,2007,Total for All NAICS,115878.0,36349.0,62268.0
A,GA,2008,Total for All NAICS,110934.0,26980.0,49994.0
A,GA,2009,Total for All NAICS,108464.0,24443.0,46951.0
A,GA,2010,Total for All NAICS,109104.0,21825.0,45368.0
A,GA,2011,Total for All NAICS,111377.0,20437.0,45924.0
A,GA,2012,Total for All NAICS,111596.0,18622.0,43857.0
A,GA,2013,Total for All NAICS,107872.0,16738.0,41469.0
A,GA,2014,Total for All NAICS,114613.0,17833.0,42930.0
A,GA,2015,Total for All NAICS,122561.0,17312.0,44545.0
A,GA,2016,Total for All NAICS,133917.0,17459.0,46295.0
A,GA,2017,Total for All NAICS,145474.0,17778.0,48022.0
A,GA,2018,Total for All NAICS,161189.0,18224.0,51255.0
A,GA,2019,Total for All NAICS,172747.0,17980.0,53161.0
A,GA,2020,Total for All NAICS,273727.0,20305.0,74403.0
A,GA,2021,Total for All NAICS,326548.0,21067.0,88533.0
A,HI,2005,Total for All NAICS,9666.0,2976.0,5272.0
A,HI,2006,Total for All NAICS,10592.0,3192.0,5789.0
A,HI,2007,Total for All NAICS,10911.0,2959.0,5679.0
A,HI,2008,Total for All NAICS,10848.0,2406.0,4989.0
A,HI,2009,Total for All NAICS,9787.0,2033.0,4283.0
A,HI,2010,Total for All NAICS,10103.0,1957.0,4338.0
A,HI,2011,Total for All NAICS,10749.0,1821.0,4592.0
A,HI,2012,Total for All NAICS,11036.0,1717.0,4438.0
A,HI,2013,Total for All NAICS,10971.0,1536.0,4368.0
A,HI,2014,Total for All NAICS,11097.0,1582.0,4263.0
A,HI,2015,Total for All NAICS,11840.0,1521.0,4447.0
A,HI,2016,Total for All NAICS,12009.0,1551.0,4436.0
A,HI,2017,Total for All NAICS,12753.0,1760.0,4636.0
A,HI,2018,Total for All NAICS,15448.0,1655.0,4727.0
A,HI,2019,Total for All NAICS,14540.0,1576.0,4721.0
A,HI,2020,Total for All NAICS,15684.0,1446.0,4914.0
A,HI,2021,Total for All NAICS,19199.0,1609.0,6231.0
A,IA,2005,Total for All NAICS,18043.0,4725.0,9931.0
A,IA,2006,Total for All NAICS,18776.0,4778.0,10276.0
A,IA,2007,Total for All NAICS,18584.0,4104.0,9857.0
A,IA,2008,Total for All NAICS,17733.0,3320.0,8341.0
A,IA,2009,Total for All NAICS,17249.0,3067.0,7677.0
A,IA,2010,Total for All NAICS,18001.0,2839.0,7628.0
A,IA,2011,Total for All NAICS,18466.0,2658.0,7778.0
A,IA,2012,Total for All NAICS,18413.0,2595.0,7448.0
A,IA,2013,Total for All NAICS,18031.0,2427.0,7311.0
A,IA,2014,Total for All NAICS,17732.0,2209.0,6777.0
A,IA,2015,Total for All NAICS,18862.0,2413.0,7376.0
A,IA,2016,Total for All NAICS,20058.0,2306.0,7524.0
A,IA,2017,Total for All NAICS,22752.0,2370.0,7711.0
A,IA,2018,Total for All NAICS,24497.0,2251.0,7993.0
A,IA,2019,Total for All NAICS,22044.0,1881.0,7186.0
A,IA,2020,Total for All NAICS,24008.0,1727.0,7540.0
A,IA,2021,Total for All NAICS,29634.0,2074.0,9334.0
A,ID,2005,Total for All NAICS,15207.0,3848.0,8281.0
A,ID,2006,Total for All NAICS,17134.0,4316.0,9183.0
A,ID,2007,Total for All NAICS,16823.0,3597.0,8411.0
A,ID,2008,Total for All NAICS,14588.0,2578.0,6505.0
A,ID,2009,Total for All NAICS,12933.0,2119.0,5563.0
A,ID,2010,Total for All NAICS,12902.0,1730.0,5358.0
A,ID,2011,Total for All NAICS,13318.0,1529.0,5411.0
A,ID,2012,Total for All NAICS,13373.0,1698.0,5474.0
A,ID,2013,Total for All NAICS,13373.0,1584.0,5556.0
A,ID,2014,Total for All NAICS,13690.0,1476.0,5553.0
A,ID,2015,Total for All NAICS,14918.0,1484.0,5906.0
A,ID,2016,Total for All NAICS,17467.0,1482.0,6540.0
A,ID,2017,Total for All NAICS,17951.0,1532.0,6633.0
A,ID,2018,Total for All NAICS,22777.0,1597.0,7652.0
A,ID,2019,Total for All NAICS,21609.0,1582.0,7564.0
A,ID,2020,Total for All NAICS,22129.0,1502.0,7834.0
A,ID,2021,Total for All NAICS,28459.0,1873.0,9861.0
A,IL,2005,Total for All NAICS,96039.0,43935.0,61485.0
A,IL,2006,Total for All NAICS,98428.0,44179.0,62805.0
A,IL,2007,Total for All NAICS,100413.0,43485.0,62309.0
A,IL,2008,Total for All NAICS,104714.0,41877.0,58215.0
A,IL,2009,Total for All NAICS,96800.0,38430.0,53994.0
A,IL,2010,Total for All NAICS,99366.0,38167.0,54391.0
A,IL,2011,Total for All NAICS,100234.0,38763.0,55305.0
A,IL,2012,Total for All NAICS,96550.0,38215.0,53789.0
A,IL,2013,Total for All NAICS,95995.0,37597.0,53001.0
A,IL,2014,Total for All NAICS,97365.0,38912.0,53601.0
A,IL,2015,Total for All NAICS,99466.0,39077.0,54410.0
A,IL,2016,Total for All NAICS,100849.0,37834.0,53240.0
A,IL,2017,Total for All NAICS,104805.0,38472.0,53822.0
A,IL,2018,Total for All NAICS,117044.0,35331.0,54142.0
A,IL,2019,Total for All NAICS,118111.0,31451.0,51585.0
A,IL,2020,Total for All NAICS,173342.0,32687.0,65154.0
A,IL,2021,Total for All NAICS,197621.0,34504.0,71398.0
A,IN,2005,Total for All NAICS,38139.0,11417.0,21544.0
A,IN,2006,Total for All NAICS,39356.0,11851.0,22273.0
A,IN,2007,Total for All NAICS,40405.0,11183.0,21918.0
A,IN,2008,Total for All NAICS,42773.0,8865.0,18677.0
A,IN,2009,Total for All NAICS,49351.0,8240.0,18921.0
A,IN,2010,Total for All NAICS,45425.0,8336.0,18568.0
A,IN,2011,Total for All NAICS,45126.0,7783.0,18277.0
A,IN,2012,Total for All NAICS,44409.0,7007.0,17377.0
A,IN,2013,Total for All NAICS,42947.0,6500.0,16957.0
A,IN,2014,Total for All NAICS,42111.0,6256.0,16317.0
A,IN,2015,Total for All NAICS,43857.0,6120.0,16599.0
A,IN,2016,Total for All NAICS,45130.0,5730.0,16709.0
A,IN,2017,Total for All NAICS,48371.0,5820.0,17268.0
A,IN,2018,Total for All NAICS,52449.0,5828.0,17820.0
A,IN,2019,Total for All NAICS,54166.0,5613.0,18422.0
A,IN,2020,Total for All NAICS,69441.0,5759.0,21470.0
A,IN,2021,Total for All NAICS,87042.0,6482.0,26458.0
A,KS,2005,Total for All NAICS,19014.0,4718.0,10312.0
A,KS,2006,Total for All NAICS,19637.0,4636.0,10602.0
A,KS,2007,Total for All NAICS,19079.0,4273.0,10051.0
A,KS,2008,Total for All NAICS,18295.0,3181.0,8288.0
A,KS,2009,Total for All NAICS,18570.0,3041.0,8286.0
A,KS,2010,Total for All NAICS,19030.0,2803.0,8119.0
A,KS,2011,Total for All NAICS,19749.0,2656.0,8259.0
A,KS,2012,Total for All NAICS,19669.0,2359.0,7923.0
A,KS,2013,Total for All NAICS,19478.0,2253.0,7980.0
A,KS,2014,Total for All NAICS,18837.0,2201.0,7816.0
A,KS,2015,Total for All NAICS,20397.0,2028.0,7921.0
A,KS,2016,Total for All NAICS,21368.0,1929.0,8153.0
A,KS,2017,Total for All NAICS,21937.0,1851.0,7780.0
A,KS,2018,Total for All NAICS,24483.0,1903.0,8201.0
A,KS,2019,Total for All NAICS,22518.0,1871.0,8128.0
A,KS,2020,Total for All NAICS,24528.0,1894.0,8451.0
A,KS,2021,Total for All NAICS,30437.0,2187.0,10433.0
A,KY,2005,Total for All NAICS,25592.0,5642.0,12739.0
A,KY,2006,Total for All NAICS,25936.0,6129.0,13189.0
A,KY,2007,Total for All NAICS,25132.0,5369.0,12530.0
A,KY,2008,Total for All NAICS,24760.0,4087.0,10856.0
A,KY,2009,Total for All NAICS,23645.0,3614.0,10036.0
A,KY,2010,Total for All NAICS,24914.0,3341.0,10184.0
A,KY,2011,Total for All NAICS,25041.0,3093.0,10553.0
A,KY,2012,Total for All NAICS,25193.0,2856.0,10130.0
A,KY,2013,Total for All NAICS,25193.0,2828.0,10177.0
A,KY,2014,Total for All NAICS,24937.0,2638.0,9641.0
A,KY,2015,Total for All NAICS,25392.0,2575.0,9626.0
A,KY,2016,Total for All NAICS,27301.0,2612.0,9954.0
A,KY,2017,Total for All NAICS,30743.0,2646.0,10257.0
A,KY,2018,Total for All NAICS,33937.0,2611.0,10529.0
A,KY,2019,Total for All NAICS,33113.0,2915.0,11087.0
A,KY,2020,Total for All NAICS,37428.0,2390.0,11301.0
A,KY,2021,Total for All NAICS,47227.0,2809.0,14393.0
A,LA,2005,Total for All NAICS,36421.0,6792.0,17378.0
A,LA,2006,Total for All NAICS,41300.0,8154.0,19893.0
A,LA,2007,Total for All NAICS,39865.0,6834.0,18466.0
A,LA,2008,Total for All NAICS,38571.0,4223.0,15183.0
A,LA,2009,Total for All NAICS,36824.0,3862.0,14061.0
A,LA,2010,Total for All NAICS,39909.0,3854.0,14767.0
A,LA,2011,Total for All NAICS,40533.0,3488.0,15016.0
A,LA,2012,Total for All NAICS,39346.0,3029.0,13913.0
A,LA,2013,Total for All NAICS,39235.0,2840.0,13779.0
A,LA,2014,Total for All NAICS,39210.0,2773.0,13383.0
A,LA,2015,Total for All NAICS,44899.0,2884.0,15090.0
A,LA,2016,Total for All NAICS,49760.0,2914.0,15929.0
A,LA,2017,Total for All NAICS,52779.0,3052.0,16202.0
A,LA,2018,Total for All NAICS,54358.0,2941.0,16068.0
A,LA,2019,Total for All NAICS,54181.0,2796.0,15197.0
A,LA,2020,Total for All NAICS,84616.0,3220.0,21927.0
A,LA,2021,Total for All NAICS,100146.0,3368.0,26412.0
A,MA,2005,Total for All NAICS,47262.0,13026.0,25841.0
A,MA,2006,Total for All NAICS,48425.0,12738.0,25090.0
A,MA,2007,Total for All NAICS,46852.0,12222.0,23865.0
A,MA,2008,Total for All NAICS,43214.0,10427.0,19968.0
A,MA,2009,Total for All NAICS,43668.0,9915.0,19467.0
A,MA,2010,Total for All NAICS,47394.0,10089.0,20482.0
A,MA,2011,Total for All NAICS,47032.0,10289.0,20709.0
A,MA,2012,Total for All NAICS,47323.0,10579.0,20849.0
A,MA,2013,Total for All NAICS,48095.0,11774.0,21851.0
A,MA,2014,Total for All NAICS,48966.0,12038.0,21856.0
A,MA,2015,Total for All NAICS,50355.0,12612.0,22949.0
A,MA,2016,Total for All NAICS,51837.0,13126.0,23325.0
A,MA,2017,Total for All NAICS,55218.0,13237.0,23661.0
A,MA,2018,Total for All NAICS,59500.0,13717.0,24655.0
A,MA,2019,Total for All NAICS,57351.0,12828.0,23577.0
A,MA,2020,Total for All NAICS,62131.0,12467.0,24051.0
A,MA,2021,Total for All NAICS,75850.0,15011.0,29559.0
A,MD,2005,Total for All NAICS,54817.0,14506.0,29116.0
A,MD,2006,Total for All NAICS,58503.0,15146.0,30375.0
A,MD,2007,Total for All NAICS,58768.0,14454.0,29090.0
A,MD,2008,Total for All NAICS,54758.0,10849.0,23715.0
A,MD,2009,Total for All NAICS,49388.0,9604.0,21206.0
A,MD,2010,Total for All NAICS,51385.0,8951.0,21320.0
A,MD,2011,Total for All NAICS,52278.0,8475.0,21868.0
A,MD,2012,Total for All NAICS,53562.0,8459.0,21547.0
A,MD,2013,Total for All NAICS,57028.0,8243.0,22051.0
A,MD,2014,Total for All NAICS,57061.0,7745.0,21089.0
A,MD,2015,Total for All NAICS,59521.0,8023.0,21917.0
A,MD,2016,Total for All NAICS,62454.0,7570.0,21590.0
A,MD,2017,Total for All NAICS,68834.0,7562.0,22574.0
A,MD,2018,Total for All NAICS,75341.0,7446.0,23551.0
A,MD,2019,Total for All NAICS,75777.0,7494.0,24093.0
A,MD,2020,Total for All NAICS,98643.0,7066.0,27652.0
A,MD,2021,Total for All NAICS,115022.0,7622.0,33181.0
A,ME,2005,Total for All NAICS,9204.0,2639.0,5397.0
A,ME,2006,Total for All NAICS,9294.0,2582.0,5349.0
A,ME,2007,Total for All NAICS,8710.0,2320.0,4924.0
A,ME,2008,Total for All NAICS,7762.0,1666.0,3878.0
A,ME,2009,Total for All NAICS,7086.0,1386.0,3364.0
A,ME,2010,Total for All NAICS,7521.0,1436.0,3610.0
A,ME,2011,Total for All NAICS,7361.0,1258.0,3396.0
A,ME,2012,Total for All NAICS,7398.0,1170.0,3315.0
A,ME,2013,Total for All NAICS,7313.0,1240.0,3435.0
A,ME,2014,Total for All NAICS,7374.0,1251.0,3434.0
A,ME,2015,Total for All NAICS,7830.0,1352.0,3676.0
A,ME,2016,Total for All NAICS,8085.0,1157.0,3541.0
A,ME,2017,Total for All NAICS,8864.0,1216.0,3683.0
A,ME,2018,Total for All NAICS,10936.0,1267.0,3967.0
A,ME,2019,Total for All NAICS,9996.0,1082.0,3897.0
A,ME,2020,Total for All NAICS,10595.0,1035.0,4018.0
A,ME,2021,Total for All NAICS,13506.0,1159.0,5127.0
A,MI,2005,Total for All NAICS,76468.0,20923.0,39911.0
A,MI,2006,Total for All NAICS,78670.0,21432.0,41222.0
A,MI,2007,Total for All NAICS,79766.0,20201.0,40541.0
A,MI,2008,Total for All NAICS,76997.0,16080.0,33985.0
A,MI,2009,Total for All NAICS,73993.0,14885.0,31601.0
A,MI,2010,Total for All NAICS,76492.0,13873.0,31375.0
A,MI,2011,Total for All NAICS,76023.0,13043.0,31107.0
A,MI,2012,Total for All NAICS,74902.0,12178.0,29830.0
A,MI,2013,Total for All NAICS,73037.0,11292.0,28845.0
A,MI,2014,Total for All NAICS,73268.0,11363.0,28312.0
A,MI,2015,Total for All NAICS,75333.0,10980.0,28353.0
A,MI,2016,Total for All NAICS,79924.0,10551.0,29086.0
A,MI,2017,Total for All NAICS,84976.0,10099.0,29096.0
A,MI,2018,Total for All NAICS,94522.0,10178.0,31067.0
A,MI,2019,Total for All NAICS,94788.0,9058.0,29984.0
A,MI,2020,Total for All NAICS,132931.0,9306.0,37518.0
A,MI,2021,Total for All NAICS,150821.0,9613.0,43323.0
A,MN,2005,Total for All NAICS,40013.0,13207.0,22902.0
A,MN,2006,Total for All NAICS,40089.0,12454.0,22788.0
A,MN,2007,Total for All NAICS,40710.0,11556.0,22101.0
A,MN,2008,Total for All NAICS,39024.0,9151.0,18506.0
A,MN,2009,Total for All NAICS,44366.0,9152.0,18893.0
A,MN,2010,Total for All NAICS,40000.0,7295.0,16673.0
A,MN,2011,Total for All NAICS,39083.0,6723.0,16410.0
A,MN,2012,Total for All NAICS,39945.0,6435.0,16138.0
A,MN,2013,Total for All NAICS,39268.0,6186.0,15716.0
A,MN,2014,Total for All NAICS,38951.0,6139.0,15516.0
A,MN,2015,Total for All NAICS,39781.0,6045.0,15370.0
A,MN,2016,Total for All NAICS,40294.0,5838.0,15461.0
A,MN,2017,Total for All NAICS,43650.0,5941.0,15833.0
A,MN,2018,Total for All NAICS,47550.0,5717.0,16248.0
A,MN,2019,Total for All NAICS,46239.0,5625.0,16256.0
A,MN,2020,Total for All NAICS,53349.0,5631.0,17869.0
A,MN,2021,Total for All NAICS,64797.0,5979.0,21802.0
A,MO,2005,Total for All NAICS,45090.0,9440.0,23468.0
A,MO,2006,Total for All NAICS,47449.0,9652.0,24371.0
A,MO,2007,Total for All NAICS,45857.0,8512.0,22767.0
A,MO,2008,Total for All NAICS,43331.0,5370.0,18443.0
A,MO,2009,Total for All NAICS,41638.0,4789.0,17321.0
A,MO,2010,Total for All NAICS,43473.0,4347.0,17664.0
A,MO,2011,Total for All NAICS,44008.0,3727.0,17923.0
A,MO,2012,Total for All NAICS,44992.0,3737.0,18134.0
A,MO,2013,Total for All NAICS,44126.0,3145.0,17129.0
A,MO,2014,Total for All NAICS,43831.0,3377.0,17142.0
A,MO,2015,Total for All NAICS,47651.0,3372.0,17982.0
A,MO,2016,Total for All NAICS,51923.0,3321.0,18370.0
A,MO,2017,Total for All NAICS,55254.0,3390.0,18656.0
A,MO,2018,Total for All NAICS,59092.0,3458.0,19033.0
A,MO,2019,Total for All NAICS,59008.0,3562.0,19322.0
A,MO,2020,Total for All NAICS,70454.0,3229.0,21024.0
A,MO,2021,Total for All NAICS,84268.0,3921.0,25777.0
A,MS,2005,Total for All NAICS,19750.0,4318.0,9980.0
A,MS,2006,Total for All NAICS,22513.0,5091.0,11372.0
A,MS,2007,Total for All NAICS,22404.0,4401.0,10982.0
A,MS,2008,Total for All NAICS,20485.0,3226.0,8927.0
A,MS,2009,Total for All NAICS,19743.0,3058.0,8434.0
A,MS,2010,Total for All NAICS,19977.0,2571.0,8256.0
A,MS,2011,Total for All NAICS,20578.0,2357.0,8448.0
A,MS,2012,Total for All NAICS,20140.0,2197.0,7929.0
A,MS,2013,Total for All NAICS,20572.0,2055.0,8065.0
A,MS,2014,Total for All NAICS,21313.0,2104.0,8112.0
A,MS,2015,Total for All NAICS,23047.0,2082.0,8520.0
A,MS,2016,Total for All NAICS,24935.0,2041.0,8941.0
A,MS,2017,Total for All NAICS,28472.0,2046.0,9401.0
A,MS,2018,Total for All NAICS,30547.0,1929.0,9425.0
A,MS,2019,Total for All NAICS,31427.0,2166.0,10034.0
A,MS,2020,Total for All NAICS,51757.0,2097.0,14437.0
A,MS,2021,Total for All NAICS,65423.0,2187.0,18902.0
A,MT,2005,Total for All NAICS,11308.0,2952.0,6117.0
A,MT,2006,Total for All NAICS,11513.0,3035.0,6423.0
A,MT,2007,Total for All NAICS,10921.0,2798.0,5766.0
A,MT,2008,Total for All NAICS,10386.0,2267.0,4888.0
A,MT,2009,Total for All NAICS,8855.0,1758.0,4029.0
A,MT,2010,Total for All NAICS,9541.0,1757.0,4200.0
A,MT,2011,Total for All NAICS,9772.0,1720.0,4261.0
A,MT,2012,Total for All NAICS,9767.0,1638.0,4187.0
A,MT,2013,Total for All NAICS,9720.0,1625.0,4147.0
A,MT,2014,Total for All NAICS,10075.0,1566.0,4225.0
A,MT,2015,Total for All NAICS,10656.0,1675.0,4447.0
A,MT,2016,Total for All NAICS,11149.0,1558.0,4463.0
A,MT,2017,Total for All NAICS,12217.0,1482.0,4595.0
A,MT,2018,Total for All NAICS,15418.0,1454.0,4767.0
A,MT,2019,Total for All NAICS,14107.0,1376.0,4620.0
A,MT,2020,Total for All NAICS,14966.0,1375.0,4956.0
A,MT,2021,Total for All NAICS,19037.0,1590.0,6230.0
A,MW,2005,Total for All NAICS,457813.0,135173.0,254532.0
A,MW,2006,Total for All NAICS,468921.0,136151.0,260217.0
A,MW,2007,Total for All NAICS,472006.0,128908.0,253426.0
A,MW,2008,Total for All NAICS,468004.0,107246.0,219117.0
A,MW,2009,Total for All NAICS,465323.0,99335.0,208190.0
A,MW,2010,Total for All NAICS,470248.0,94190.0,206362.0
A,MW,2011,Total for All NAICS,475969.0,90785.0,208425.0
A,MW,2012,Total for All NAICS,472612.0,87417.0,203389.0
A,MW,2013,Total for All NAICS,464303.0,83216.0,196886.0
A,MW,2014,Total for All NAICS,463699.0,83790.0,194987.0
A,MW,2015,Total for All NAICS,482241.0,83641.0,198341.0
A,MW,2016,Total for All NAICS,499767.0,80323.0,199104.0
A,MW,2017,Total for All NAICS,539336.0,80987.0,202120.0
A,MW,2018,Total for All NAICS,591362.0,77798.0,207946.0
A,MW,2019,Total for All NAICS,585530.0,71338.0,204531.0
A,MW,2020,Total for All NAICS,759730.0,72915.0,241533.0
A,MW,2021,Total for All NAICS,902169.0,79015.0,284626.0
A,NC,2005,Total for All NAICS,72475.0,21430.0,41124.0
A,NC,2006,Total for All NAICS,76952.0,23230.0,42981.0
A,NC,2007,Total for All NAICS,79739.0,22607.0,42844.0
A,NC,2008,Total for All NAICS,72607.0,17478.0,34422.0
A,NC,2009,Total for All NAICS,68524.0,16020.0,32295.0
A,NC,2010,Total for All NAICS,68879.0,14674.0,31064.0
A,NC,2011,Total for All NAICS,70816.0,13758.0,31232.0
A,NC,2012,Total for All NAICS,70588.0,13300.0,30392.0
A,NC,2013,Total for All NAICS,71332.0,12737.0,29949.0
A,NC,2014,Total for All NAICS,72306.0,12886.0,29849.0
A,NC,2015,Total for All NAICS,79584.0,13408.0,32314.0
A,NC,2016,Total for All NAICS,83270.0,13196.0,32854.0
A,NC,2017,Total for All NAICS,92026.0,13893.0,35021.0
A,NC,2018,Total for All NAICS,98708.0,13437.0,35908.0
A,NC,2019,Total for All NAICS,104170.0,13012.0,36689.0
A,NC,2020,Total for All NAICS,134704.0,12743.0,41456.0
A,NC,2021,Total for All NAICS,172563.0,14166.0,52846.0
A,ND,2005,Total for All NAICS,4215.0,1101.0,2390.0
A,ND,2006,Total for All NAICS,4463.0,1113.0,2509.0
A,ND,2007,Total for All NAICS,4425.0,1086.0,2441.0
A,ND,2008,Total for All NAICS,4561.0,972.0,2317.0
A,ND,2009,Total for All NAICS,4242.0,742.0,2053.0
A,ND,2010,Total for All NAICS,4892.0,811.0,2315.0
A,ND,2011,Total for All NAICS,6166.0,1023.0,2882.0
A,ND,2012,Total for All NAICS,6691.0,1040.0,3084.0
A,ND,2013,Total for All NAICS,6450.0,883.0,2751.0
A,ND,2014,Total for All NAICS,6692.0,864.0,2853.0
A,ND,2015,Total for All NAICS,6122.0,808.0,2562.0
A,ND,2016,Total for All NAICS,5763.0,632.0,2297.0
A,ND,2017,Total for All NAICS,7447.0,594.0,2204.0
A,ND,2018,Total for All NAICS,8614.0,646.0,2317.0
A,ND,2019,Total for All NAICS,6832.0,536.0,2186.0
A,ND,2020,Total for All NAICS,6562.0,482.0,2179.0
A,ND,2021,Total for All NAICS,8000.0,511.0,2665.0
A,NE,2005,Total for All NAICS,10839.0,3208.0,6196.0
A,NE,2006,Total for All NAICS,11241.0,3147.0,6342.0
A,NE,2007,Total for All NAICS,11082.0,2993.0,6125.0
A,NE,2008,Total for All NAICS,10823.0,2474.0,5366.0
A,NE,2009,Total for All NAICS,10470.0,2282.0,5061.0
A,NE,2010,Total for All NAICS,10990.0,2155.0,5099.0
A,NE,2011,Total for All NAICS,11736.0,2019.0,5394.0
A,NE,2012,Total for All NAICS,12210.0,1905.0,5328.0
A,NE,2013,Total for All NAICS,12087.0,1720.0,5021.0
A,NE,2014,Total for All NAICS,12374.0,1563.0,4874.0
A,NE,2015,Total for All NAICS,12843.0,1697.0,5229.0
A,NE,2016,Total for All NAICS,12874.0,1510.0,5191.0
A,NE,2017,Total for All NAICS,14714.0,1471.0,5262.0
A,NE,2018,Total for All NAICS,16493.0,1431.0,5250.0
A,NE,2019,Total for All NAICS,14891.0,1265.0,5224.0
A,NE,2020,Total for All NAICS,15966.0,1192.0,5269.0
A,NE,2021,Total for All NAICS,19317.0,1231.0,6208.0
A,NH,2005,Total for All NAICS,10744.0,1587.0,5347.0
A,NH,2006,Total for All NAICS,10574.0,1545.0,5073.0
A,NH,2007,Total for All NAICS,10337.0,1481.0,4835.0
A,NH,2008,Total for All NAICS,9605.0,1111.0,3926.0
A,NH,2009,Total for All NAICS,8879.0,1111.0,3656.0
A,NH,2010,Total for All NAICS,8372.0,1078.0,3398.0
A,NH,2011,Total for All NAICS,8696.0,957.0,3614.0
A,NH,2012,Total for All NAICS,8817.0,898.0,3516.0
A,NH,2013,Total for All NAICS,8452.0,832.0,3308.0
A,NH,2014,Total for All NAICS,8346.0,863.0,3228.0
A,NH,2015,Total for All NAICS,8683.0,908.0,3344.0
A,NH,2016,Total for All NAICS,9162.0,744.0,3432.0
A,NH,2017,Total for All NAICS,11304.0,827.0,3461.0
A,NH,2018,Total for All NAICS,12879.0,841.0,3644.0
A,NH,2019,Total for All NAICS,11087.0,776.0,3579.0
A,NH,2020,Total for All NAICS,11327.0,720.0,3543.0
A,NH,2021,Total for All NAICS,13709.0,930.0,4415.0
A,NJ,2005,Total for All NAICS,87752.0,22298.0,45804.0
A,NJ,2006,Total for All NAICS,90569.0,23512.0,47441.0
A,NJ,2007,Total for All NAICS,93051.0,22000.0,45622.0
A,NJ,2008,Total for All NAICS,88130.0,15637.0,37194.0
A,NJ,2009,Total for All NAICS,84045.0,14021.0,34302.0
A,NJ,2010,Total for All NAICS,87184.0,13914.0,35092.0
A,NJ,2011,Total for All NAICS,90195.0,13641.0,35883.0
A,NJ,2012,Total for All NAICS,89448.0,13205.0,35053.0
A,NJ,2013,Total for All NAICS,91547.0,12849.0,35448.0
A,NJ,2014,Total for All NAICS,88843.0,12514.0,33165.0
A,NJ,2015,Total for All NAICS,93161.0,13382.0,34481.0
A,NJ,2016,Total for All NAICS,95960.0,12588.0,34113.0
A,NJ,2017,Total for All NAICS,102094.0,12508.0,33899.0
A,NJ,2018,Total for All NAICS,110167.0,13192.0,35712.0
A,NJ,2019,Total for All NAICS,113200.0,12773.0,35676.0
A,NJ,2020,Total for All NAICS,135599.0,12620.0,38445.0
A,NJ,2021,Total for All NAICS,163963.0,14009.0,46950.0
A,NM,2005,Total for All NAICS,11620.0,2810.0,6332.0
A,NM,2006,Total for All NAICS,13336.0,3202.0,7103.0
A,NM,2007,Total for All NAICS,14252.0,2820.0,7022.0
A,NM,2008,Total for All NAICS,13535.0,2099.0,5874.0
A,NM,2009,Total for All NAICS,11905.0,1817.0,5223.0
A,NM,2010,Total for All NAICS,12209.0,1645.0,5183.0
A,NM,2011,Total for All NAICS,12561.0,1502.0,5356.0
A,NM,2012,Total for All NAICS,12421.0,1368.0,5137.0
A,NM,2013,Total for All NAICS,12109.0,1221.0,4830.0
A,NM,2014,Total for All NAICS,13066.0,1288.0,4971.0
A,NM,2015,Total for All NAICS,12874.0,1182.0,4914.0
A,NM,2016,Total for All NAICS,13108.0,1159.0,5009.0
A,NM,2017,Total for All NAICS,16259.0,1157.0,5252.0
A,NM,2018,Total for All NAICS,18011.0,1074.0,5393.0
A,NM,2019,Total for All NAICS,17460.0,1019.0,5394.0
A,NM,2020,Total for All NAICS,18040.0,849.0,5389.0
A,NM,2021,Total for All NAICS,24537.0,965.0,7137.0
A,NO,2005,Total for All NAICS,445449.0,143298.0,250810.0
A,NO,2006,Total for All NAICS,459010.0,146213.0,253654.0
A,NO,2007,Total for All NAICS,461860.0,142417.0,246449.0
A,NO,2008,Total for All NAICS,434465.0,119477.0,210792.0
A,NO,2009,Total for All NAICS,421463.0,112799.0,200208.0
A,NO,2010,Total for All NAICS,445749.0,114096.0,206934.0
A,NO,2011,Total for All NAICS,455311.0,112304.0,209985.0
A,NO,2012,Total for All NAICS,454396.0,112281.0,208834.0
A,NO,2013,Total for All NAICS,462615.0,115266.0,211397.0
A,NO,2014,Total for All NAICS,460013.0,114782.0,206447.0
A,NO,2015,Total for All NAICS,479280.0,119519.0,214717.0
A,NO,2016,Total for All NAICS,492699.0,117758.0,213630.0
A,NO,2017,Total for All NAICS,528481.0,119344.0,216098.0
A,NO,2018,Total for All NAICS,570998.0,121771.0,224743.0
A,NO,2019,Total for All NAICS,572016.0,117593.0,222414.0
A,NO,2020,Total for All NAICS,655417.0,112804.0,231326.0
A,NO,2021,Total for All NAICS,801615.0,128999.0,282378.0
A,NV,2005,Total for All NAICS,44138.0,20216.0,27751.0
A,NV,2006,Total for All NAICS,44510.0,19563.0,27445.0
A,NV,2007,Total for All NAICS,43245.0,16926.0,24909.0
A,NV,2008,Total for All NAICS,43122.0,13262.0,20046.0
A,NV,2009,Total for All NAICS,37703.0,11106.0,17385.0
A,NV,2010,Total for All NAICS,36481.0,10137.0,16732.0
A,NV,2011,Total for All NAICS,39273.0,9880.0,17298.0
A,NV,2012,Total for All NAICS,38595.0,9801.0,17265.0
A,NV,2013,Total for All NAICS,39781.0,9538.0,16924.0
A,NV,2014,Total for All NAICS,41243.0,9198.0,16358.0
A,NV,2015,Total for All NAICS,40355.0,7917.0,15205.0
A,NV,2016,Total for All NAICS,40359.0,5830.0,13346.0
A,NV,2017,Total for All NAICS,43941.0,5882.0,13978.0
A,NV,2018,Total for All NAICS,45857.0,6050.0,14764.0
A,NV,2019,Total for All NAICS,42486.0,5175.0,13760.0
A,NV,2020,Total for All NAICS,52025.0,5421.0,16076.0
A,NV,2021,Total for All NAICS,68045.0,6180.0,19911.0
A,NY,2005,Total for All NAICS,174083.0,77044.0,107868.0
A,NY,2006,Total for All NAICS,179181.0,78821.0,109653.0
A,NY,2007,Total for All NAICS,183057.0,78593.0,108558.0
A,NY,2008,Total for All NAICS,173782.0,70931.0,97600.0
A,NY,2009,Total for All NAICS,171030.0,68666.0,95032.0
A,NY,2010,Total for All NAICS,185969.0,70292.0,98829.0
A,NY,2011,Total for All NAICS,190642.0,70302.0,101076.0
A,NY,2012,Total for All NAICS,188736.0,70969.0,100843.0
A,NY,2013,Total for All NAICS,194514.0,73563.0,103195.0
A,NY,2014,Total for All NAICS,193443.0,73430.0,101056.0
A,NY,2015,Total for All NAICS,201028.0,76468.0,105126.0
A,NY,2016,Total for All NAICS,203962.0,75742.0,104074.0
A,NY,2017,Total for All NAICS,215355.0,76949.0,105557.0
A,NY,2018,Total for All NAICS,227736.0,77791.0,108104.0
A,NY,2019,Total for All NAICS,230302.0,75499.0,106599.0
A,NY,2020,Total for All NAICS,255111.0,71445.0,107130.0
A,NY,2021,Total for All NAICS,309583.0,80671.0,127870.0
A,OH,2005,Total for All NAICS,66476.0,14294.0,35321.0
A,OH,2006,Total for All NAICS,66884.0,14495.0,35309.0
A,OH,2007,Total for All NAICS,68323.0,13797.0,34468.0
A,OH,2008,Total for All NAICS,67348.0,10242.0,28989.0
A,OH,2009,Total for All NAICS,68037.0,9625.0,27996.0
A,OH,2010,Total for All NAICS,70100.0,8897.0,28060.0
A,OH,2011,Total for All NAICS,72975.0,8016.0,28230.0
A,OH,2012,Total for All NAICS,72430.0,7580.0,27816.0
A,OH,2013,Total for All NAICS,70984.0,6869.0,25951.0
A,OH,2014,Total for All NAICS,70468.0,6576.0,25582.0
A,OH,2015,Total for All NAICS,73932.0,6739.0,25918.0
A,OH,2016,Total for All NAICS,77370.0,6726.0,26857.0
A,OH,2017,Total for All NAICS,85617.0,6932.0,27814.0
A,OH,2018,Total for All NAICS,91439.0,7171.0,28915.0
A,OH,2019,Total for All NAICS,95354.0,6676.0,29403.0
A,OH,2020,Total for All NAICS,128346.0,7156.0,36372.0
A,OH,2021,Total for All NAICS,155151.0,8111.0,44363.0
A,OK,2005,Total for All NAICS,26968.0,6808.0,15276.0
A,OK,2006,Total for All NAICS,27941.0,6921.0,15583.0
A,OK,2007,Total for All NAICS,28035.0,6510.0,15181.0
A,OK,2008,Total for All NAICS,28795.0,5048.0,13502.0
A,OK,2009,Total for All NAICS,26746.0,4314.0,12135.0
A,OK,2010,Total for All NAICS,27716.0,4135.0,12290.0
A,OK,2011,Total for All NAICS,28094.0,3723.0,12450.0
A,OK,2012,Total for All NAICS,28474.0,3560.0,12191.0
A,OK,2013,Total for All NAICS,28843.0,3205.0,11998.0
A,OK,2014,Total for All NAICS,29135.0,3302.0,11776.0
A,OK,2015,Total for All NAICS,30036.0,3063.0,11989.0
A,OK,2016,Total for All NAICS,32938.0,2984.0,12356.0
A,OK,2017,Total for All NAICS,35668.0,3064.0,12414.0
A,OK,2018,Total for All NAICS,40155.0,3340.0,13454.0
A,OK,2019,Total for All NAICS,41034.0,3317.0,13817.0
A,OK,2020,Total for All NAICS,45462.0,3117.0,14445.0
A,OK,2021,Total for All NAICS,57696.0,3470.0,17848.0
A,OR,2005,Total for All NAICS,29757.0,8610.0,16367.0
A,OR,2006,Total for All NAICS,32813.0,9180.0,17810.0
A,OR,2007,Total for All NAICS,33301.0,8418.0,17296.0
A,OR,2008,Total for All NAICS,31494.0,6342.0,14496.0
A,OR,2009,Total for All NAICS,29072.0,5450.0,12833.0
A,OR,2010,Total for All NAICS,29417.0,4756.0,12772.0
A,OR,2011,Total for All NAICS,29278.0,4509.0,12593.0
A,OR,2012,Total for All NAICS,28777.0,4390.0,12315.0
A,OR,2013,Total for All NAICS,29489.0,4404.0,12547.0
A,OR,2014,Total for All NAICS,29928.0,4327.0,12619.0
A,OR,2015,Total for All NAICS,34602.0,4490.0,13785.0
A,OR,2016,Total for All NAICS,36152.0,4499.0,14351.0
A,OR,2017,Total for All NAICS,38403.0,4559.0,14460.0
A,OR,2018,Total for All NAICS,41441.0,4577.0,15271.0
A,OR,2019,Total for All NAICS,39350.0,3915.0,13996.0
A,OR,2020,Total for All NAICS,40298.0,3511.0,13663.0
A,OR,2021,Total for All NAICS,49771.0,4212.0,17440.0
A,PA,2005,Total for All NAICS,75978.0,20059.0,41231.0
A,PA,2006,Total for All NAICS,78317.0,20043.0,41304.0
A,PA,2007,Total for All NAICS,78042.0,19000.0,39674.0
A,PA,2008,Total for All NAICS,73304.0,14722.0,32790.0
A,PA,2009,Total for All NAICS,70607.0,13114.0,30135.0
A,PA,2010,Total for All NAICS,72376.0,12598.0,30858.0
A,PA,2011,Total for All NAICS,74841.0,11595.0,30875.0
A,PA,2012,Total for All NAICS,75171.0,11191.0,30735.0
A,PA,2013,Total for All NAICS,76313.0,10800.0,30176.0
A,PA,2014,Total for All NAICS,76081.0,10498.0,29649.0
A,PA,2015,Total for All NAICS,80624.0,10777.0,30867.0
A,PA,2016,Total for All NAICS,84402.0,10628.0,31203.0
A,PA,2017,Total for All NAICS,91614.0,10744.0,31700.0
A,PA,2018,Total for All NAICS,98778.0,10900.0,33644.0
A,PA,2019,Total for All NAICS,103150.0,10429.0,33974.0
A,PA,2020,Total for All NAICS,128407.0,10568.0,38622.0
A,PA,2021,Total for All NAICS,158738.0,12451.0,48233.0
A,RI,2005,Total for All NAICS,7265.0,2278.0,4125.0
A,RI,2006,Total for All NAICS,7314.0,2167.0,4079.0
A,RI,2007,Total for All NAICS,7186.0,2006.0,3808.0
A,RI,2008,Total for All NAICS,6521.0,1487.0,3025.0
A,RI,2009,Total for All NAICS,6188.0,1370.0,2846.0
A,RI,2010,Total for All NAICS,6403.0,1340.0,2892.0
A,RI,2011,Total for All NAICS,6416.0,1259.0,2863.0
A,RI,2012,Total for All NAICS,6335.0,1190.0,2786.0
A,RI,2013,Total for All NAICS,6179.0,1168.0,2762.0
A,RI,2014,Total for All NAICS,6517.0,1193.0,2796.0
A,RI,2015,Total for All NAICS,6667.0,1189.0,2891.0
A,RI,2016,Total for All NAICS,6792.0,1078.0,2803.0
A,RI,2017,Total for All NAICS,8360.0,1097.0,2882.0
A,RI,2018,Total for All NAICS,10276.0,1115.0,3060.0
A,RI,2019,Total for All NAICS,8454.0,1125.0,2928.0
A,RI,2020,Total for All NAICS,9058.0,1086.0,2997.0
A,RI,2021,Total for All NAICS,11409.0,1211.0,3963.0
A,SC,2005,Total for All NAICS,33456.0,6892.0,17722.0
A,SC,2006,Total for All NAICS,36293.0,7679.0,18716.0
A,SC,2007,Total for All NAICS,37723.0,7365.0,18348.0
A,SC,2008,Total for All NAICS,35805.0,4728.0,14890.0
A,SC,2009,Total for All NAICS,32831.0,4022.0,13461.0
A,SC,2010,Total for All NAICS,31896.0,3662.0,12888.0
A,SC,2011,Total for All NAICS,31935.0,3324.0,12873.0
A,SC,2012,Total for All NAICS,32419.0,2969.0,12559.0
A,SC,2013,Total for All NAICS,33357.0,3021.0,12949.0
A,SC,2014,Total for All NAICS,34687.0,3053.0,12864.0
A,SC,2015,Total for All NAICS,37895.0,3235.0,13929.0
A,SC,2016,Total for All NAICS,41775.0,2848.0,14255.0
A,SC,2017,Total for All NAICS,45535.0,3008.0,15173.0
A,SC,2018,Total for All NAICS,49328.0,3058.0,15978.0
A,SC,2019,Total for All NAICS,51857.0,2710.0,16026.0
A,SC,2020,Total for All NAICS,71480.0,2784.0,19107.0
A,SC,2021,Total for All NAICS,96267.0,3096.0,25582.0
A,SD,2005,Total for All NAICS,5544.0,1389.0,3120.0
A,SD,2006,Total for All NAICS,5834.0,1497.0,3364.0
A,SD,2007,Total for All NAICS,5614.0,1356.0,3078.0
A,SD,2008,Total for All NAICS,5513.0,1123.0,2763.0
A,SD,2009,Total for All NAICS,5392.0,891.0,2472.0
A,SD,2010,Total for All NAICS,5622.0,794.0,2388.0
A,SD,2011,Total for All NAICS,5957.0,773.0,2640.0
A,SD,2012,Total for All NAICS,6019.0,784.0,2579.0
A,SD,2013,Total for All NAICS,6146.0,818.0,2570.0
A,SD,2014,Total for All NAICS,6363.0,815.0,2700.0
A,SD,2015,Total for All NAICS,6522.0,867.0,2843.0
A,SD,2016,Total for All NAICS,6335.0,645.0,2557.0
A,SD,2017,Total for All NAICS,8514.0,657.0,2603.0
A,SD,2018,Total for All NAICS,9732.0,668.0,2610.0
A,SD,2019,Total for All NAICS,7735.0,617.0,2524.0
A,SD,2020,Total for All NAICS,7705.0,609.0,2580.0
A,SD,2021,Total for All NAICS,10049.0,792.0,3340.0
A,SO,2005,Total for All NAICS,1007297.0,347738.0,594827.0
A,SO,2006,Total for All NAICS,1069741.0,364947.0,625936.0
A,SO,2007,Total for All NAICS,1075677.0,339432.0,600720.0
A,SO,2008,Total for All NAICS,1012847.0,258238.0,492330.0
A,SO,2009,Total for All NAICS,974789.0,238744.0,463687.0
A,SO,2010,Total for All NAICS,1003424.0,229027.0,462619.0
A,SO,2011,Total for All NAICS,1045032.0,223133.0,477344.0
A,SO,2012,Total for All NAICS,1051778.0,211888.0,462072.0
A,SO,2013,Total for All NAICS,1068387.0,204708.0,460353.0
A,SO,2014,Total for All NAICS,1106309.0,206071.0,466512.0
A,SO,2015,Total for All NAICS,1188566.0,208341.0,487939.0
A,SO,2016,Total for All NAICS,1277652.0,204872.0,500815.0
A,SO,2017,Total for All NAICS,1375613.0,206484.0,514743.0
A,SO,2018,Total for All NAICS,1500638.0,211082.0,539417.0
A,SO,2019,Total for All NAICS,1527937.0,201604.0,536543.0
A,SO,2020,Total for All NAICS,2020618.0,207228.0,635527.0
A,SO,2021,Total for All NAICS,2530423.0,230591.0,783476.0
A,TN,2005,Total for All NAICS,37258.0,7917.0,22457.0
A,TN,2006,Total for All NAICS,40807.0,8550.0,24411.0
A,TN,2007,Total for All NAICS,42041.0,8213.0,24015.0
A,TN,2008,Total for All NAICS,38547.0,6812.0,19769.0
A,TN,2009,Total for All NAICS,36630.0,6873.0,18782.0
A,TN,2010,Total for All NAICS,37037.0,6611.0,18733.0
A,TN,2011,Total for All NAICS,43024.0,5984.0,19160.0
A,TN,2012,Total for All NAICS,40443.0,5728.0,18039.0
A,TN,2013,Total for All NAICS,40572.0,5631.0,18165.0
A,TN,2014,Total for All NAICS,41868.0,5732.0,18243.0
A,TN,2015,Total for All NAICS,44721.0,5912.0,18799.0
A,TN,2016,Total for All NAICS,46958.0,5818.0,19223.0
A,TN,2017,Total for All NAICS,51428.0,5976.0,19972.0
A,TN,2018,Total for All NAICS,57190.0,6322.0,21318.0
A,TN,2019,Total for All NAICS,59037.0,6105.0,22286.0
A,TN,2020,Total for All NAICS,75298.0,6475.0,25768.0
A,TN,2021,Total for All NAICS,94147.0,7214.0,31528.0
A,TX,2005,Total for All NAICS,175678.0,43774.0,94913.0
A,TX,2006,Total for All NAICS,187459.0,46784.0,102115.0
A,TX,2007,Total for All NAICS,192576.0,46045.0,101639.0
A,TX,2008,Total for All NAICS,188321.0,35490.0,86669.0
A,TX,2009,Total for All NAICS,186080.0,33505.0,83938.0
A,TX,2010,Total for All NAICS,198097.0,32751.0,86177.0
A,TX,2011,Total for All NAICS,206942.0,31366.0,90139.0
A,TX,2012,Total for All NAICS,209332.0,29570.0,87415.0
A,TX,2013,Total for All NAICS,213494.0,28708.0,88300.0
A,TX,2014,Total for All NAICS,222698.0,29799.0,90050.0
A,TX,2015,Total for All NAICS,239626.0,29097.0,94822.0
A,TX,2016,Total for All NAICS,260990.0,28896.0,99137.0
A,TX,2017,Total for All NAICS,277128.0,29166.0,101301.0
A,TX,2018,Total for All NAICS,300260.0,30452.0,106719.0
A,TX,2019,Total for All NAICS,306815.0,28829.0,105442.0
A,TX,2020,Total for All NAICS,388234.0,29370.0,122590.0
A,TX,2021,Total for All NAICS,495759.0,33636.0,153793.0
A,US,2005,Accommodation and Food Services,128277.0,49789.0,128277.0
A,US,2005,Administrative and Support,164420.0,53915.0,80585.0
A,US,2005,Agriculture,28553.0,6032.0,12390.0
A,US,2005,Arts and Entertainment,78899.0,19278.0,27340.0
A,US,2005,Construction,359828.0,131864.0,311923.0
A,US,2005,Educational Services,34115.0,9272.0,15040.0
A,US,2005,Finance and Insurance,130994.0,42633.0,73792.0
A,US,2005,Health Care and Social Assistance,148970.0,47715.0,97015.0
A,US,2005,Information,48348.0,18170.0,23022.0
A,US,2005,Management of Companies,16605.0,5902.0,6097.0
A,US,2005,Manufacturing,58096.0,22258.0,29126.0
A,US,2005,Mining,8133.0,2434.0,3273.0
A,US,2005,No NAICS Assigned,42494.0,7189.0,13604.0
A,US,2005,Other Services,205572.0,45803.0,77060.0
A,US,2005,Professional Services,310365.0,119890.0,191719.0
A,US,2005,Real Estate,222089.0,67387.0,79242.0
A,US,2005,Retail Trade,303353.0,100088.0,178065.0
A,US,2005,Total for All NAICS,2509369.0,833714.0,1453345.0
A,US,2005,Transportation and Warehousing,128438.0,39566.0,52998.0
A,US,2005,Utilities,1680.0,484.0,649.0
A,US,2005,Wholesale Trade,90146.0,44047.0,52129.0
A,US,2006,Accommodation and Food Services,132488.0,51325.0,132488.0
A,US,2006,Administrative and Support,174731.0,56163.0,84310.0
A,US,2006,Agriculture,29608.0,6225.0,12705.0
A,US,2006,Arts and Entertainment,86476.0,20638.0,29898.0
A,US,2006,Construction,358949.0,130408.0,311254.0
A,US,2006,Educational Services,36812.0,10199.0,16465.0
A,US,2006,Finance and Insurance,135730.0,44266.0,77130.0
A,US,2006,Health Care and Social Assistance,159099.0,49421.0,104022.0
A,US,2006,Information,54826.0,19359.0,26044.0
A,US,2006,Management of Companies,18976.0,6546.0,6900.0
A,US,2006,Manufacturing,61301.0,23085.0,30869.0
A,US,2006,Mining,9504.0,2746.0,3860.0
A,US,2006,No NAICS Assigned,34924.0,6556.0,12356.0
A,US,2006,Other Services,225269.0,48146.0,79958.0
A,US,2006,Professional Services,328428.0,124732.0,203591.0
A,US,2006,Real Estate,239292.0,71454.0,85761.0
A,US,2006,Retail Trade,311135.0,101831.0,182565.0
A,US,2006,Total for All NAICS,2635489.0,862761.0,1513325.0
A,US,2006,Transportation and Warehousing,145205.0,44495.0,59313.0
A,US,2006,Utilities,1977.0,566.0,743.0
A,US,2006,Wholesale Trade,90756.0,44598.0,53091.0
A,US,2007,Accommodation and Food Services,140489.0,50650.0,140489.0
A,US,2007,Administrative and Support,190771.0,57026.0,86487.0
A,US,2007,Agriculture,32112.0,6054.0,12974.0
A,US,2007,Arts and Entertainment,87346.0,19551.0,28483.0
A,US,2007,Construction,328031.0,109214.0,269202.0
A,US,2007,Educational Services,39804.0,10533.0,16950.0
A,US,2007,Finance and Insurance,148364.0,42886.0,75675.0
A,US,2007,Health Care and Social Assistance,167010.0,49820.0,110761.0
A,US,2007,Information,56176.0,18954.0,24960.0
A,US,2007,Management of Companies,18872.0,6488.0,6816.0
A,US,2007,Manufacturing,61708.0,22256.0,31516.0
A,US,2007,Mining,8743.0,2509.0,3563.0
A,US,2007,No NAICS Assigned,29423.0,6132.0,11754.0
A,US,2007,Other Services,223308.0,48520.0,80804.0
A,US,2007,Professional Services,347051.0,122111.0,201020.0
A,US,2007,Real Estate,209803.0,57224.0,70534.0
A,US,2007,Retail Trade,325397.0,99731.0,181906.0
A,US,2007,Total for All NAICS,2655495.0,816967.0,1465434.0
A,US,2007,Transportation and Warehousing,141953.0,41115.0,56080.0
A,US,2007,Utilities,2197.0,611.0,804.0
A,US,2007,Wholesale Trade,96932.0,45579.0,54656.0
A,US,2008,Accommodation and Food Services,140401.0,42138.0,140401.0
A,US,2008,Administrative and Support,188654.0,44957.0,70381.0
A,US,2008,Agriculture,32408.0,4839.0,11810.0
A,US,2008,Arts and Entertainment,90717.0,16422.0,23977.0
A,US,2008,Construction,280977.0,78847.0,198142.0
A,US,2008,Educational Services,40159.0,9062.0,14341.0
A,US,2008,Finance and Insurance,144746.0,32569.0,58057.0
A,US,2008,Health Care and Social Assistance,172821.0,44446.0,117087.0
A,US,2008,Information,57110.0,15703.0,20592.0
A,US,2008,Management of Companies,13662.0,4174.0,4362.0
A,US,2008,Manufacturing,58648.0,17981.0,30613.0
A,US,2008,Mining,9394.0,2158.0,3227.0
A,US,2008,No NAICS Assigned,28874.0,3885.0,9257.0
A,US,2008,Other Services,221334.0,42936.0,70558.0
A,US,2008,Professional Services,351484.0,100878.0,164105.0
A,US,2008,Real Estate,134749.0,31268.0,39044.0
A,US,2008,Retail Trade,331673.0,82972.0,151155.0
A,US,2008,Total for All NAICS,2523894.0,649696.0,1223159.0
A,US,2008,Transportation and Warehousing,121690.0,32166.0,45151.0
A,US,2008,Utilities,2568.0,533.0,706.0
A,US,2008,Wholesale Trade,101830.0,41754.0,50196.0
A,US,2009,Accommodation and Food Services,135984.0,40384.0,135984.0
A,US,2009,Administrative and Support,179018.0,39023.0,63791.0
A,US,2009,Agriculture,30896.0,4174.0,10950.0
A,US,2009,Arts and Entertainment,91312.0,15432.0,23168.0
A,US,2009,Construction,240583.0,64614.0,165840.0
A,US,2009,Educational Services,41391.0,8827.0,14633.0
A,US,2009,Finance and Insurance,132111.0,28550.0,52129.0
A,US,2009,Health Care and Social Assistance,169315.0,42856.0,115828.0
A,US,2009,Information,56227.0,14589.0,19894.0
A,US,2009,Management of Companies,11986.0,3393.0,3696.0
A,US,2009,Manufacturing,54504.0,16059.0,28756.0
A,US,2009,Mining,6820.0,1447.0,2255.0
A,US,2009,No NAICS Assigned,24207.0,3727.0,7877.0
A,US,2009,Other Services,226499.0,40667.0,67659.0
A,US,2009,Professional Services,364970.0,96411.0,161029.0
A,US,2009,Real Estate,115931.0,26692.0,33734.0
A,US,2009,Retail Trade,332229.0,79922.0,145495.0
A,US,2009,Total for All NAICS,2430718.0,596031.0,1143303.0
A,US,2009,Transportation and Warehousing,110663.0,29497.0,41615.0
A,US,2009,Utilities,2992.0,629.0,868.0
A,US,2009,Wholesale Trade,103079.0,39134.0,48108.0
A,US,2010,Accommodation and Food Services,143560.0,39583.0,143560.0
A,US,2010,Administrative and Support,178907.0,36361.0,61337.0
A,US,2010,Agriculture,31358.0,3961.0,10823.0
A,US,2010,Arts and Entertainment,97934.0,15353.0,23876.0
A,US,2010,Construction,229760.0,57449.0,153678.0
A,US,2010,Educational Services,43543.0,8562.0,14669.0
A,US,2010,Finance and Insurance,129709.0,25712.0,47706.0
A,US,2010,Health Care and Social Assistance,173534.0,40684.0,119839.0
A,US,2010,Information,57908.0,14118.0,19587.0
A,US,2010,Management of Companies,13300.0,3804.0,4134.0
A,US,2010,Manufacturing,55700.0,15274.0,29675.0
A,US,2010,Mining,7679.0,1658.0,2602.0
A,US,2010,No NAICS Assigned,22652.0,3464.0,7241.0
A,US,2010,Other Services,249767.0,40774.0,70583.0
A,US,2010,Professional Services,371543.0,91236.0,156667.0
A,US,2010,Real Estate,116940.0,24243.0,31693.0
A,US,2010,Retail Trade,340157.0,77016.0,148997.0
A,US,2010,Total for All NAICS,2499807.0,572611.0,1143170.0
A,US,2010,Transportation and Warehousing,126302.0,33921.0,47257.0
A,US,2010,Utilities,3192.0,581.0,783.0
A,US,2010,Wholesale Trade,106365.0,38863.0,48462.0
A,US,2011,Accommodation and Food Services,150533.0,39179.0,150533.0
A,US,2011,Administrative and Support,182955.0,35814.0,63608.0
A,US,2011,Agriculture,33723.0,3982.0,11428.0
A,US,2011,Arts and Entertainment,102582.0,14835.0,24691.0
A,US,2011,Construction,229754.0,53578.0,150339.0
A,US,2011,Educational Services,45883.0,8485.0,15387.0
A,US,2011,Finance and Insurance,131823.0,25289.0,47917.0
A,US,2011,Health Care and Social Assistance,175424.0,39439.0,121426.0
A,US,2011,Information,60825.0,14324.0,20575.0
A,US,2011,Management of Companies,14149.0,3817.0,4157.0
A,US,2011,Manufacturing,57237.0,14822.0,30555.0
A,US,2011,Mining,9463.0,1878.0,3223.0
A,US,2011,No NAICS Assigned,21349.0,3050.0,6531.0
A,US,2011,Other Services,254155.0,40181.0,73713.0
A,US,2011,Professional Services,383258.0,90492.0,162419.0
A,US,2011,Real Estate,121069.0,23112.0,31431.0
A,US,2011,Retail Trade,359153.0,74745.0,153511.0
A,US,2011,Total for All NAICS,2575139.0,558901.0,1169323.0
A,US,2011,Transportation and Warehousing,131853.0,33324.0,48480.0
A,US,2011,Utilities,3187.0,534.0,760.0
A,US,2011,Wholesale Trade,106761.0,38031.0,48637.0
A,US,2012,Accommodation and Food Services,149050.0,37291.0,149050.0
A,US,2012,Administrative and Support,189934.0,32614.0,59253.0
A,US,2012,Agriculture,36801.0,3994.0,11732.0
A,US,2012,Arts and Entertainment,102739.0,14400.0,24466.0
A,US,2012,Construction,226802.0,52266.0,146304.0
A,US,2012,Educational Services,46206.0,8529.0,15520.0
A,US,2012,Finance and Insurance,134612.0,24347.0,46185.0
A,US,2012,Health Care and Social Assistance,172965.0,38186.0,119697.0
A,US,2012,Information,59238.0,13645.0,19986.0
A,US,2012,Management of Companies,16460.0,4383.0,4755.0
A,US,2012,Manufacturing,58166.0,14750.0,31066.0
A,US,2012,Mining,9204.0,1661.0,3038.0
A,US,2012,No NAICS Assigned,19457.0,2876.0,5567.0
A,US,2012,Other Services,248742.0,40313.0,72150.0
A,US,2012,Professional Services,376053.0,89220.0,159744.0
A,US,2012,Real Estate,132174.0,23898.0,32510.0
A,US,2012,Retail Trade,354741.0,70601.0,148034.0
A,US,2012,Total for All NAICS,2576281.0,543213.0,1145115.0
A,US,2012,Transportation and Warehousing,136625.0,32937.0,48347.0
A,US,2012,Utilities,3114.0,488.0,714.0
A,US,2012,Wholesale Trade,103191.0,36818.0,46997.0
A,US,2013,Accommodation and Food Services,149537.0,36554.0,149537.0
A,US,2013,Administrative and Support,186496.0,32172.0,58262.0
A,US,2013,Agriculture,36423.0,4120.0,11439.0
A,US,2013,Arts and Entertainment,102684.0,13844.0,23413.0
A,US,2013,Construction,244461.0,54819.0,153739.0
A,US,2013,Educational Services,47478.0,8749.0,15397.0
A,US,2013,Finance and Insurance,132349.0,24615.0,46474.0
A,US,2013,Health Care and Social Assistance,175052.0,37541.0,123192.0
A,US,2013,Information,57275.0,13162.0,18689.0
A,US,2013,Management of Companies,16641.0,4070.0,4388.0
A,US,2013,Manufacturing,59955.0,14507.0,31297.0
A,US,2013,Mining,8980.0,1580.0,2904.0
A,US,2013,No NAICS Assigned,19257.0,2884.0,5470.0
A,US,2013,Other Services,248119.0,39731.0,70147.0
A,US,2013,Professional Services,375799.0,85791.0,155409.0
A,US,2013,Real Estate,138826.0,25144.0,33862.0
A,US,2013,Retail Trade,363749.0,69071.0,147108.0
A,US,2013,Total for All NAICS,2611480.0,540182.0,1147255.0
A,US,2013,Transportation and Warehousing,144357.0,35636.0,50762.0
A,US,2013,Utilities,2530.0,389.0,592.0
A,US,2013,Wholesale Trade,101507.0,35805.0,45175.0
A,US,2014,Accommodation and Food Services,149762.0,35299.0,149762.0
A,US,2014,Administrative and Support,184182.0,31351.0,56086.0
A,US,2014,Agriculture,36771.0,4274.0,11565.0
A,US,2014,Arts and Entertainment,103629.0,13909.0,23206.0
A,US,2014,Construction,257965.0,56521.0,159446.0
A,US,2014,Educational Services,46503.0,8170.0,14279.0
A,US,2014,Finance and Insurance,138484.0,25940.0,47642.0
A,US,2014,Health Care and Social Assistance,178597.0,37752.0,127675.0
A,US,2014,Information,55606.0,13371.0,17624.0
A,US,2014,Management of Companies,18168.0,4596.0,4939.0
A,US,2014,Manufacturing,59274.0,14264.0,30535.0
A,US,2014,Mining,9180.0,1420.0,2760.0
A,US,2014,No NAICS Assigned,20754.0,3258.0,6089.0
A,US,2014,Other Services,250249.0,40088.0,68962.0
A,US,2014,Professional Services,381623.0,85928.0,151778.0
A,US,2014,Real Estate,148030.0,26534.0,35169.0
A,US,2014,Retail Trade,364030.0,68546.0,142626.0
A,US,2014,Total for All NAICS,2666848.0,546917.0,1150660.0
A,US,2014,Transportation and Warehousing,162144.0,40277.0,56222.0
A,US,2014,Utilities,2447.0,420.0,572.0
A,US,2014,Wholesale Trade,99448.0,34988.0,43713.0
A,US,2015,Accommodation and Food Services,160158.0,37925.0,160158.0
A,US,2015,Administrative and Support,197387.0,32366.0,58436.0
A,US,2015,Agriculture,38078.0,4271.0,11656.0
A,US,2015,Arts and Entertainment,108940.0,13956.0,23852.0
A,US,2015,Construction,287308.0,62366.0,176369.0
A,US,2015,Educational Services,48587.0,8281.0,14324.0
A,US,2015,Finance and Insurance,139516.0,23795.0,46677.0
A,US,2015,Health Care and Social Assistance,191653.0,38817.0,136927.0
A,US,2015,Information,60220.0,14539.0,19506.0
A,US,2015,Management of Companies,18809.0,4063.0,4437.0
A,US,2015,Manufacturing,61818.0,14040.0,31262.0
A,US,2015,Mining,6438.0,903.0,1815.0
A,US,2015,No NAICS Assigned,20753.0,3106.0,5554.0
A,US,2015,Other Services,262167.0,42117.0,72122.0
A,US,2015,Professional Services,394205.0,87201.0,153400.0
A,US,2015,Real Estate,159956.0,27441.0,36710.0
A,US,2015,Retail Trade,381778.0,68802.0,140982.0
A,US,2015,Total for All NAICS,2823007.0,561259.0,1197475.0
A,US,2015,Transportation and Warehousing,183537.0,43994.0,61544.0
A,US,2015,Utilities,2828.0,341.0,485.0
A,US,2015,Wholesale Trade,98865.0,32933.0,41256.0
A,US,2016,Accommodation and Food Services,164061.0,35494.0,164061.0
A,US,2016,Administrative and Support,206521.0,32084.0,59648.0
A,US,2016,Agriculture,39083.0,4153.0,11398.0
A,US,2016,Arts and Entertainment,111761.0,13675.0,23995.0
A,US,2016,Construction,309207.0,63321.0,186175.0
A,US,2016,Educational Services,51193.0,8224.0,14543.0
A,US,2016,Finance and Insurance,147847.0,23131.0,46631.0
A,US,2016,Health Care and Social Assistance,202212.0,38959.0,141626.0
A,US,2016,Information,63644.0,14314.0,19659.0
A,US,2016,Management of Companies,19205.0,3931.0,4367.0
A,US,2016,Manufacturing,62665.0,13451.0,31073.0
A,US,2016,Mining,6107.0,799.0,1584.0
A,US,2016,No NAICS Assigned,23128.0,3050.0,5793.0
A,US,2016,Other Services,273068.0,42010.0,72876.0
A,US,2016,Professional Services,411662.0,84928.0,152988.0
A,US,2016,Real Estate,178355.0,27782.0,37971.0
A,US,2016,Retail Trade,416404.0,67124.0,138666.0
A,US,2016,Total for All NAICS,2975531.0,550034.0,1213523.0
A,US,2016,Transportation and Warehousing,188421.0,41260.0,59681.0
A,US,2016,Utilities,2825.0,313.0,493.0
A,US,2016,Wholesale Trade,98158.0,32032.0,40293.0
A,US,2017,Accommodation and Food Services,169456.0,35414.0,169456.0
A,US,2017,Administrative and Support,216458.0,32033.0,60279.0
A,US,2017,Agriculture,39218.0,4072.0,10852.0
A,US,2017,Arts and Entertainment,111180.0,13397.0,23702.0
A,US,2017,Construction,341210.0,65999.0,201557.0
A,US,2017,Educational Services,52761.0,7930.0,14197.0
A,US,2017,Finance and Insurance,183045.0,23620.0,47621.0
A,US,2017,Health Care and Social Assistance,203613.0,38969.0,143709.0
A,US,2017,Information,72910.0,15865.0,21479.0
A,US,2017,Management of Companies,23306.0,4397.0,4932.0
A,US,2017,Manufacturing,66373.0,12977.0,30203.0
A,US,2017,Mining,6355.0,865.0,1754.0
A,US,2017,No NAICS Assigned,33397.0,4391.0,7049.0
A,US,2017,Other Services,288422.0,41404.0,72955.0
A,US,2017,Professional Services,424044.0,82102.0,150931.0
A,US,2017,Real Estate,210442.0,27918.0,38309.0
A,US,2017,Retail Trade,449748.0,70906.0,138543.0
A,US,2017,Total for All NAICS,3196686.0,558524.0,1240601.0
A,US,2017,Transportation and Warehousing,201186.0,45043.0,63593.0
A,US,2017,Utilities,2808.0,346.0,488.0
A,US,2017,Wholesale Trade,100758.0,30864.0,38989.0
A,US,2018,Accommodation and Food Services,177132.0,34709.0,177132.0
A,US,2018,Administrative and Support,230333.0,32149.0,62588.0
A,US,2018,Agriculture,41183.0,4258.0,11013.0
A,US,2018,Arts and Entertainment,116562.0,15880.0,26804.0
A,US,2018,Construction,370356.0,67032.0,211412.0
A,US,2018,Educational Services,57348.0,7975.0,14689.0
A,US,2018,Finance and Insurance,214653.0,25026.0,51403.0
A,US,2018,Health Care and Social Assistance,217680.0,40990.0,153889.0
A,US,2018,Information,73671.0,15273.0,21542.0
A,US,2018,Management of Companies,28514.0,5818.0,6342.0
A,US,2018,Manufacturing,64600.0,12274.0,29526.0
A,US,2018,Mining,7165.0,998.0,2030.0
A,US,2018,No NAICS Assigned,45445.0,5134.0,7970.0
A,US,2018,Other Services,309010.0,42221.0,74857.0
A,US,2018,Professional Services,457574.0,86551.0,160453.0
A,US,2018,Real Estate,261985.0,29425.0,41147.0
A,US,2018,Retail Trade,483346.0,67559.0,140540.0
A,US,2018,Total for All NAICS,3499020.0,574155.0,1304920.0
A,US,2018,Transportation and Warehousing,239703.0,52205.0,74840.0
A,US,2018,Utilities,3066.0,316.0,500.0
A,US,2018,Wholesale Trade,99694.0,28362.0,36247.0
A,US,2019,Accommodation and Food Services,184496.0,33404.0,184496.0
A,US,2019,Administrative and Support,240471.0,30024.0,59910.0
A,US,2019,Agriculture,44746.0,4204.0,11007.0
A,US,2019,Arts and Entertainment,114870.0,14224.0,24670.0
A,US,2019,Construction,380960.0,63351.0,209649.0
A,US,2019,Educational Services,58454.0,7560.0,13887.0
A,US,2019,Finance and Insurance,163828.0,22830.0,49414.0
A,US,2019,Health Care and Social Assistance,226242.0,40323.0,158109.0
A,US,2019,Information,72999.0,13751.0,19586.0
A,US,2019,Management of Companies,34903.0,7133.0,7684.0
A,US,2019,Manufacturing,64265.0,11598.0,28515.0
A,US,2019,Mining,6028.0,805.0,1627.0
A,US,2019,No NAICS Assigned,52046.0,6208.0,8977.0
A,US,2019,Other Services,329313.0,40841.0,74000.0
A,US,2019,Professional Services,457257.0,79170.0,151520.0
A,US,2019,Real Estate,217004.0,26082.0,37491.0
A,US,2019,Retail Trade,522609.0,68279.0,142322.0
A,US,2019,Total for All NAICS,3514509.0,546474.0,1288989.0
A,US,2019,Transportation and Warehousing,241682.0,49753.0,71412.0
A,US,2019,Utilities,2998.0,320.0,506.0
A,US,2019,Wholesale Trade,99332.0,26611.0,34215.0
A,US,2020,Accommodation and Food Services,223350.0,29297.0,223350.0
A,US,2020,Administrative and Support,307307.0,30537.0,70218.0
A,US,2020,Agriculture,54581.0,4295.0,13133.0
A,US,2020,Arts and Entertainment,125118.0,13013.0,23860.0
A,US,2020,Construction,405948.0,58567.0,217008.0
A,US,2020,Educational Services,68239.0,7278.0,14052.0
A,US,2020,Finance and Insurance,187070.0,24475.0,55867.0
A,US,2020,Health Care and Social Assistance,270847.0,43320.0,182771.0
A,US,2020,Information,91173.0,14060.0,21383.0
A,US,2020,Management of Companies,37407.0,7310.0,8009.0
A,US,2020,Manufacturing,72264.0,11061.0,29022.0
A,US,2020,Mining,4748.0,623.0,1219.0
A,US,2020,No NAICS Assigned,80743.0,10034.0,13316.0
A,US,2020,Other Services,423304.0,38679.0,77960.0
A,US,2020,Professional Services,536127.0,79844.0,167691.0
A,US,2020,Real Estate,204968.0,25538.0,38676.0
A,US,2020,Retail Trade,833792.0,71019.0,173025.0
A,US,2020,Total for All NAICS,4381415.0,556121.0,1458991.0
A,US,2020,Transportation and Warehousing,325849.0,59214.0,90471.0
A,US,2020,Utilities,3485.0,335.0,602.0
A,US,2020,Wholesale Trade,125093.0,27622.0,37358.0
A,US,2021,Accommodation and Food Services,307668.0,35247.0,307668.0
A,US,2021,Administrative and Support,372211.0,32045.0,80015.0
A,US,2021,Agriculture,52972.0,3933.0,10869.0
A,US,2021,Arts and Entertainment,159568.0,14284.0,29257.0
A,US,2021,Construction,488988.0,62964.0,257330.0
A,US,2021,Educational Services,72026.0,6949.0,14271.0
A,US,2021,Finance and Insurance,246854.0,28467.0,65615.0
A,US,2021,Health Care and Social Assistance,301827.0,46054.0,210978.0
A,US,2021,Information,101156.0,13818.0,22265.0
A,US,2021,Management of Companies,51972.0,10291.0,11086.0
A,US,2021,Manufacturing,77214.0,10938.0,31252.0
A,US,2021,Mining,6067.0,749.0,1432.0
A,US,2021,No NAICS Assigned,143289.0,16653.0,21985.0
A,US,2021,Other Services,495608.0,40072.0,86582.0
A,US,2021,Professional Services,630947.0,90978.0,203365.0
A,US,2021,Real Estate,288888.0,30034.0,48894.0
A,US,2021,Retail Trade,978169.0,81879.0,211145.0
A,US,2021,Total for All NAICS,5385755.0,623145.0,1770839.0
A,US,2021,Transportation and Warehousing,486382.0,73238.0,122728.0
A,US,2021,Utilities,5149.0,497.0,889.0
A,US,2021,Wholesale Trade,118808.0,24050.0,33211.0
A,UT,2005,Total for All NAICS,29287.0,9953.0,16160.0
A,UT,2006,Total for All NAICS,34455.0,11285.0,19218.0
A,UT,2007,Total for All NAICS,36129.0,10536.0,18812.0
A,UT,2008,Total for All NAICS,34242.0,7131.0,14099.0
A,UT,2009,Total for All NAICS,32627.0,5901.0,12497.0
A,UT,2010,Total for All NAICS,31435.0,5246.0,11886.0
A,UT,2011,Total for All NAICS,31407.0,4913.0,11840.0
A,UT,2012,Total for All NAICS,34675.0,4780.0,11906.0
A,UT,2013,Total for All NAICS,37240.0,4687.0,12075.0
A,UT,2014,Total for All NAICS,38605.0,4578.0,12155.0
A,UT,2015,Total for All NAICS,41294.0,4665.0,12640.0
A,UT,2016,Total for All NAICS,43531.0,4422.0,12956.0
A,UT,2017,Total for All NAICS,47262.0,4795.0,14096.0
A,UT,2018,Total for All NAICS,49725.0,4870.0,15060.0
A,UT,2019,Total for All NAICS,49801.0,4749.0,14845.0
A,UT,2020,Total for All NAICS,50763.0,4465.0,15240.0
A,UT,2021,Total for All NAICS,62803.0,5180.0,18595.0
A,VA,2005,Total for All NAICS,64355.0,18771.0,35805.0
A,VA,2006,Total for All NAICS,68261.0,19521.0,36992.0
A,VA,2007,Total for All NAICS,68223.0,18242.0,35247.0
A,VA,2008,Total for All NAICS,65091.0,13884.0,28862.0
A,VA,2009,Total for All NAICS,63341.0,12814.0,27227.0
A,VA,2010,Total for All NAICS,61780.0,11710.0,25895.0
A,VA,2011,Total for All NAICS,65066.0,11252.0,27109.0
A,VA,2012,Total for All NAICS,67923.0,11030.0,27126.0
A,VA,2013,Total for All NAICS,68966.0,10554.0,26425.0
A,VA,2014,Total for All NAICS,69989.0,10450.0,26529.0
A,VA,2015,Total for All NAICS,73169.0,10743.0,27147.0
A,VA,2016,Total for All NAICS,75919.0,10351.0,27545.0
A,VA,2017,Total for All NAICS,81652.0,10071.0,27940.0
A,VA,2018,Total for All NAICS,86810.0,9961.0,28610.0
A,VA,2019,Total for All NAICS,88267.0,9462.0,28530.0
A,VA,2020,Total for All NAICS,107617.0,8940.0,31257.0
A,VA,2021,Total for All NAICS,130975.0,10005.0,38665.0
A,VT,2005,Total for All NAICS,4553.0,1093.0,2461.0
A,VT,2006,Total for All NAICS,4558.0,1091.0,2341.0
A,VT,2007,Total for All NAICS,4594.0,1093.0,2376.0
A,VT,2008,Total for All NAICS,4213.0,755.0,1885.0
A,VT,2009,Total for All NAICS,3846.0,708.0,1766.0
A,VT,2010,Total for All NAICS,4104.0,679.0,1853.0
A,VT,2011,Total for All NAICS,3927.0,574.0,1726.0
A,VT,2012,Total for All NAICS,4114.0,524.0,1768.0
A,VT,2013,Total for All NAICS,3905.0,543.0,1705.0
A,VT,2014,Total for All NAICS,4139.0,455.0,1757.0
A,VT,2015,Total for All NAICS,4549.0,520.0,1883.0
A,VT,2016,Total for All NAICS,4594.0,505.0,1829.0
A,VT,2017,Total for All NAICS,5416.0,428.0,1781.0
A,VT,2018,Total for All NAICS,6615.0,480.0,1879.0
A,VT,2019,Total for All NAICS,5605.0,501.0,1931.0
A,VT,2020,Total for All NAICS,5712.0,430.0,1948.0
A,VT,2021,Total for All NAICS,7521.0,510.0,2791.0
A,WA,2005,Total for All NAICS,49976.0,15068.0,29027.0
A,WA,2006,Total for All NAICS,52232.0,15362.0,30197.0
A,WA,2007,Total for All NAICS,53572.0,14810.0,30105.0
A,WA,2008,Total for All NAICS,49292.0,10765.0,24281.0
A,WA,2009,Total for All NAICS,45487.0,9321.0,21563.0
A,WA,2010,Total for All NAICS,47036.0,8832.0,21565.0
A,WA,2011,Total for All NAICS,48653.0,8308.0,22122.0
A,WA,2012,Total for All NAICS,47918.0,7725.0,21340.0
A,WA,2013,Total for All NAICS,48998.0,7926.0,22112.0
A,WA,2014,Total for All NAICS,49785.0,7900.0,22204.0
A,WA,2015,Total for All NAICS,53878.0,8207.0,23293.0
A,WA,2016,Total for All NAICS,58432.0,7736.0,24753.0
A,WA,2017,Total for All NAICS,62381.0,7906.0,24846.0
A,WA,2018,Total for All NAICS,69186.0,9057.0,27252.0
A,WA,2019,Total for All NAICS,70785.0,7486.0,25863.0
A,WA,2020,Total for All NAICS,75797.0,6612.0,25254.0
A,WA,2021,Total for All NAICS,92565.0,7443.0,31026.0
A,WE,2005,Total for All NAICS,598810.0,207505.0,353176.0
A,WE,2006,Total for All NAICS,637817.0,215450.0,373518.0
A,WE,2007,Total for All NAICS,645952.0,206210.0,364839.0
A,WE,2008,Total for All NAICS,608578.0,164735.0,300920.0
A,WE,2009,Total for All NAICS,569143.0,145153.0,271218.0
A,WE,2010,Total for All NAICS,580386.0,135298.0,267255.0
A,WE,2011,Total for All NAICS,598827.0,132679.0,273569.0
A,WE,2012,Total for All NAICS,597495.0,131627.0,270820.0
A,WE,2013,Total for All NAICS,616175.0,136992.0,278619.0
A,WE,2014,Total for All NAICS,636827.0,142274.0,282714.0
A,WE,2015,Total for All NAICS,672920.0,149758.0,296478.0
A,WE,2016,Total for All NAICS,705413.0,147081.0,299974.0
A,WE,2017,Total for All NAICS,753256.0,151709.0,307640.0
A,WE,2018,Total for All NAICS,836022.0,163504.0,332814.0
A,WE,2019,Total for All NAICS,829026.0,155939.0,325501.0
A,WE,2020,Total for All NAICS,945650.0,163174.0,350605.0
A,WE,2021,Total for All NAICS,1151548.0,184540.0,420359.0
A,WI,2005,Total for All NAICS,37933.0,6816.0,17952.0
A,WI,2006,Total for All NAICS,38094.0,6917.0,18356.0
A,WI,2007,Total for All NAICS,37748.0,6362.0,17770.0
A,WI,2008,Total for All NAICS,36892.0,4591.0,15227.0
A,WI,2009,Total for All NAICS,35215.0,4191.0,13915.0
A,WI,2010,Total for All NAICS,36857.0,3873.0,14082.0
A,WI,2011,Total for All NAICS,36446.0,3601.0,14220.0
A,WI,2012,Total for All NAICS,36382.0,3582.0,13943.0
A,WI,2013,Total for All NAICS,35754.0,3526.0,13654.0
A,WI,2014,Total for All NAICS,35707.0,3515.0,13497.0
A,WI,2015,Total for All NAICS,37475.0,3495.0,13778.0
A,WI,2016,Total for All NAICS,37879.0,3301.0,13659.0
A,WI,2017,Total for All NAICS,41299.0,3390.0,14071.0
A,WI,2018,Total for All NAICS,45447.0,3216.0,14350.0
A,WI,2019,Total for All NAICS,43844.0,3183.0,14311.0
A,WI,2020,Total for All NAICS,53098.0,3243.0,16107.0
A,WI,2021,Total for All NAICS,65032.0,3610.0,19525.0
A,WV,2005,Total for All NAICS,9142.0,1523.0,5004.0
A,WV,2006,Total for All NAICS,9462.0,1581.0,4886.0
A,WV,2007,Total for All NAICS,9408.0,1514.0,4640.0
A,WV,2008,Total for All NAICS,8926.0,1200.0,4084.0
A,WV,2009,Total for All NAICS,8054.0,1087.0,3634.0
A,WV,2010,Total for All NAICS,8310.0,1044.0,3648.0
A,WV,2011,Total for All NAICS,8254.0,961.0,3659.0
A,WV,2012,Total for All NAICS,8601.0,885.0,3387.0
A,WV,2013,Total for All NAICS,8295.0,872.0,3423.0
A,WV,2014,Total for All NAICS,8517.0,911.0,3471.0
A,WV,2015,Total for All NAICS,8684.0,876.0,3453.0
A,WV,2016,Total for All NAICS,9306.0,837.0,3494.0
A,WV,2017,Total for All NAICS,10319.0,864.0,3559.0
A,WV,2018,Total for All NAICS,11185.0,871.0,3546.0
A,WV,2019,Total for All NAICS,9959.0,729.0,3326.0
A,WV,2020,Total for All NAICS,10900.0,676.0,3679.0
A,WV,2021,Total for All NAICS,13301.0,821.0,4437.0
A,WY,2005,Total for All NAICS,5494.0,1829.0,3259.0
A,WY,2006,Total for All NAICS,6121.0,2144.0,3640.0
A,WY,2007,Total for All NAICS,6512.0,2146.0,3765.0
A,WY,2008,Total for All NAICS,7807.0,2388.0,3841.0
A,WY,2009,Total for All NAICS,6983.0,1881.0,3148.0
A,WY,2010,Total for All NAICS,7636.0,1824.0,3345.0
A,WY,2011,Total for All NAICS,7889.0,1716.0,3241.0
A,WY,2012,Total for All NAICS,7972.0,1582.0,3271.0
A,WY,2013,Total for All NAICS,8513.0,1446.0,3160.0
A,WY,2014,Total for All NAICS,8798.0,1560.0,3422.0
A,WY,2015,Total for All NAICS,9839.0,1773.0,3693.0
A,WY,2016,Total for All NAICS,14029.0,2478.0,4681.0
A,WY,2017,Total for All NAICS,17613.0,2621.0,4791.0
A,WY,2018,Total for All NAICS,19624.0,2655.0,5146.0
A,WY,2019,Total for All NAICS,18951.0,2634.0,5169.0
A,WY,2020,Total for All NAICS,24514.0,3493.0,6690.0
A,WY,2021,Total for All NAICS,33860.0,4342.0,9017.0
