level_0,level_1,0
gdp_compensation,population,0.0010613989524529365
population,gdp_compensation,0.0010613989524529365
subsidies,business_applications,0.0016616467594150533
business_applications,subsidies,0.0016616467594150533
business_applications_from_corporations,gdp_compensation,0.002315848248451406
gdp_compensation,business_applications_from_corporations,0.002315848248451406
mean_usual_hours,business_applications,0.00300914117980473
business_applications,mean_usual_hours,0.00300914117980473
per_cap_gdp_current_dollar,high_propensity_business_application,0.003643594187992992
high_propensity_business_application,per_cap_gdp_current_dollar,0.003643594187992992
gdp_compensation,business_applications,0.004013982879150124
business_applications,gdp_compensation,0.004013982879150124
per_capita_personal_income,mean_usual_hours,0.0046307828593250226
mean_usual_hours,per_capita_personal_income,0.0046307828593250226
per_cap_gdp_current_dollar,poverty_rate,0.004997749332017289
poverty_rate,per_cap_gdp_current_dollar,0.004997749332017289
business_applications_from_corporations,mean_usual_hours,0.00501888459783936
mean_usual_hours,business_applications_from_corporations,0.00501888459783936
per_cap_gdp_current_dollar,edu_total,0.005259554703231071
edu_total,per_cap_gdp_current_dollar,0.005259554703231071
median_monthly_house_cost,median_age,0.006016465194921077
median_age,median_monthly_house_cost,0.006016465194921077
households_occupied_ratio,mean_usual_hours,0.00805551871308274
mean_usual_hours,households_occupied_ratio,0.00805551871308274
gdp_current_dollar,subsidies,0.009398585561508025
subsidies,gdp_current_dollar,0.009398585561508025
edu_high_school,edu_associate_degree,0.010874498193493204
edu_associate_degree,edu_high_school,0.010874498193493204
business_applications,per_pupil_expenditure,0.011796844465470819
per_pupil_expenditure,business_applications,0.011796844465470819
subsidies,median_monthly_house_cost,0.01213662212380524
median_monthly_house_cost,subsidies,0.01213662212380524
per_pupil_revenue,business_applications_from_corporations,0.012927924160287122
business_applications_from_corporations,per_pupil_revenue,0.012927924160287122
high_propensity_business_application,gdp_compensation,0.01345950958028244
gdp_compensation,high_propensity_business_application,0.01345950958028244
high_propensity_business_application,mean_usual_hours,0.013660575776519818
mean_usual_hours,high_propensity_business_application,0.013660575776519818
business_applications_from_corporations,per_cap_gdp_current_dollar,0.014032666404334922
per_cap_gdp_current_dollar,business_applications_from_corporations,0.014032666404334922
edu_total,gdp_gross_operating_surplus,0.014260013149693386
gdp_gross_operating_surplus,edu_total,0.014260013149693386
year,high_propensity_business_application,0.014643495904720197
high_propensity_business_application,year,0.014643495904720197
gdp_gross_operating_surplus,high_propensity_business_application,0.01619243057272397
high_propensity_business_application,gdp_gross_operating_surplus,0.01619243057272397
per_pupil_revenue,business_applications,0.016958710432641314
business_applications,per_pupil_revenue,0.016958710432641314
edu_bachelor_degree,median_age,0.017306058698597984
median_age,edu_bachelor_degree,0.017306058698597984
mean_usual_hours,edu_high_school,0.01736902867771175
edu_high_school,mean_usual_hours,0.01736902867771175
edu_total,per_pupil_expenditure,0.018224223513841988
per_pupil_expenditure,edu_total,0.018224223513841988
edu_associate_degree,per_capita_personal_income,0.01860328910865433
per_capita_personal_income,edu_associate_degree,0.01860328910865433
per_pupil_revenue,population,0.0202811217241683
population,per_pupil_revenue,0.0202811217241683
per_pupil_expenditure,population,0.020360719074538482
population,per_pupil_expenditure,0.020360719074538482
business_applications_from_corporations,per_pupil_expenditure,0.020911816055594612
per_pupil_expenditure,business_applications_from_corporations,0.020911816055594612
population,per_cap_gdp_current_dollar,0.021335375061221473
per_cap_gdp_current_dollar,population,0.021335375061221473
gdp_gross_operating_surplus,business_applications_from_corporations,0.021735946241627904
business_applications_from_corporations,gdp_gross_operating_surplus,0.021735946241627904
subsidies,rent_median_value,0.022831995991492136
rent_median_value,subsidies,0.022831995991492136
high_propensity_business_application,per_pupil_expenditure,0.023536654104022333
per_pupil_expenditure,high_propensity_business_application,0.023536654104022333
gini_index,edu_bachelor_degree,0.0239876498222587
edu_bachelor_degree,gini_index,0.0239876498222587
edu_total,gdp_compensation,0.024079775611150774
gdp_compensation,edu_total,0.024079775611150774
median_income,edu_associate_degree,0.024344582710638375
edu_associate_degree,median_income,0.024344582710638375
poverty_rate,gdp_compensation,0.025131170471694768
gdp_compensation,poverty_rate,0.025131170471694768
per_cap_gdp_current_dollar,business_applications,0.026650229735832746
business_applications,per_cap_gdp_current_dollar,0.026650229735832746
per_pupil_expenditure,households_occupied_ratio,0.02677506182594601
households_occupied_ratio,per_pupil_expenditure,0.02677506182594601
per_pupil_revenue,high_propensity_business_application,0.028649699607186146
high_propensity_business_application,per_pupil_revenue,0.028649699607186146
edu_total,per_pupil_revenue,0.02945430505826226
per_pupil_revenue,edu_total,0.02945430505826226
mean_usual_hours,per_pupil_revenue,0.032600240726375525
per_pupil_revenue,mean_usual_hours,0.032600240726375525
business_applications_from_corporations,median_age,0.03438949263947583
median_age,business_applications_from_corporations,0.03438949263947583
edu_total,year,0.03483832968697457
year,edu_total,0.03483832968697457
edu_master_degree,population,0.03491129129867339
population,edu_master_degree,0.03491129129867339
gini_index,median_age,0.03497766475297422
median_age,gini_index,0.03497766475297422
subsidies,rent_low_value_quartile,0.036378988319517545
rent_low_value_quartile,subsidies,0.036378988319517545
year,poverty_rate,0.038273551189468236
poverty_rate,year,0.038273551189468236
gdp_gross_operating_surplus,population,0.04238322862219918
population,gdp_gross_operating_surplus,0.04238322862219918
edu_master_degree,edu_total,0.042629303354719414
edu_total,edu_master_degree,0.042629303354719414
median_age,rent_upper_value_quartile,0.04277493659090072
rent_upper_value_quartile,median_age,0.04277493659090072
edu_associate_degree,business_applications_from_corporations,0.04508121529789815
business_applications_from_corporations,edu_associate_degree,0.04508121529789815
poverty_rate,gdp_gross_operating_surplus,0.046547350889683
gdp_gross_operating_surplus,poverty_rate,0.046547350889683
taxes_on_production_and_imports_(topi),edu_associate_degree,0.04736987712914299
edu_associate_degree,taxes_on_production_and_imports_(topi),0.04736987712914299
house_low_value_quartile,median_age,0.04921604547450002
median_age,house_low_value_quartile,0.04921604547450002
edu_master_degree,high_propensity_business_application,0.049273494419346274
high_propensity_business_application,edu_master_degree,0.049273494419346274
population,mean_usual_hours,0.04959280410641861
mean_usual_hours,population,0.04959280410641861
gdp_gross_operating_surplus,business_applications,0.050574053550741606
business_applications,gdp_gross_operating_surplus,0.050574053550741606
house_median_value,median_age,0.05070508156282594
median_age,house_median_value,0.05070508156282594
population,year,0.05407219529280826
year,population,0.05407219529280826
subsidies,high_propensity_business_application,0.05564875620526952
high_propensity_business_application,subsidies,0.05564875620526952
mean_usual_hours,edu_total,0.05759396900037708
edu_total,mean_usual_hours,0.05759396900037708
business_applications_from_corporations,poverty_rate,0.059265101856436235
poverty_rate,business_applications_from_corporations,0.059265101856436235
poverty_rate,subsidies,0.06087745948620988
subsidies,poverty_rate,0.06087745948620988
gdp_current_dollar,mean_usual_hours,0.06125550404582232
mean_usual_hours,gdp_current_dollar,0.06125550404582232
business_applications_from_corporations,edu_master_degree,0.061308261596272076
edu_master_degree,business_applications_from_corporations,0.061308261596272076
house_upper_value_quartile,median_age,0.062319980646728175
median_age,house_upper_value_quartile,0.062319980646728175
subsidies,business_applications_from_corporations,0.06331836488036989
business_applications_from_corporations,subsidies,0.06331836488036989
rent_upper_value_quartile,subsidies,0.06392831842887155
subsidies,rent_upper_value_quartile,0.06392831842887155
business_applications,edu_master_degree,0.06502367231225455
edu_master_degree,business_applications,0.06502367231225455
median_monthly_house_cost,year,0.06605729901788321
year,median_monthly_house_cost,0.06605729901788321
edu_bachelor_degree,population,0.06793364309662638
population,edu_bachelor_degree,0.06793364309662638
households_occupied_ratio,gini_index,0.0684244263868993
gini_index,households_occupied_ratio,0.0684244263868993
poverty_rate,business_applications,0.06866468465344641
business_applications,poverty_rate,0.06866468465344641
rent_median_value,median_age,0.06899245572020497
median_age,rent_median_value,0.06899245572020497
median_age,business_applications,0.07061908882673325
business_applications,median_age,0.07061908882673325
per_pupil_revenue,households_occupied_ratio,0.07075831727974355
households_occupied_ratio,per_pupil_revenue,0.07075831727974355
gdp_current_dollar,poverty_rate,0.07082799194378851
poverty_rate,gdp_current_dollar,0.07082799194378851
median_age,taxes_on_production_and_imports_(topi),0.07106160474257554
taxes_on_production_and_imports_(topi),median_age,0.07106160474257554
edu_total,edu_bachelor_degree,0.07183034997291007
edu_bachelor_degree,edu_total,0.07183034997291007
edu_high_school,per_pupil_expenditure,0.07194571226924108
per_pupil_expenditure,edu_high_school,0.07194571226924108
business_applications_from_corporations,year,0.07337317393422106
year,business_applications_from_corporations,0.07337317393422106
median_age,high_propensity_business_application,0.07358180673079796
high_propensity_business_application,median_age,0.07358180673079796
poverty_rate,high_propensity_business_application,0.0777768185916556
high_propensity_business_application,poverty_rate,0.0777768185916556
median_age,median_income,0.07820357469922204
median_income,median_age,0.07820357469922204
median_age,rent_low_value_quartile,0.07980588465555184
rent_low_value_quartile,median_age,0.07980588465555184
mean_usual_hours,edu_master_degree,0.08062511711678795
edu_master_degree,mean_usual_hours,0.08062511711678795
households_occupied_ratio,edu_associate_degree,0.0812497983795916
edu_associate_degree,households_occupied_ratio,0.0812497983795916
edu_associate_degree,mean_usual_hours,0.0813021019435063
mean_usual_hours,edu_associate_degree,0.0813021019435063
business_applications_from_corporations,per_capita_personal_income,0.08175481593090372
per_capita_personal_income,business_applications_from_corporations,0.08175481593090372
households_occupied_ratio,business_applications_from_corporations,0.0825605803497912
business_applications_from_corporations,households_occupied_ratio,0.0825605803497912
subsidies,house_low_value_quartile,0.083372932174381
house_low_value_quartile,subsidies,0.083372932174381
edu_total,median_age,0.08350859253963366
median_age,edu_total,0.08350859253963366
taxes_on_production_and_imports_(topi),edu_total,0.08387118593706672
edu_total,taxes_on_production_and_imports_(topi),0.08387118593706672
high_propensity_business_application,edu_associate_degree,0.08480308989769186
edu_associate_degree,high_propensity_business_application,0.08480308989769186
edu_master_degree,median_age,0.08755160701525716
median_age,edu_master_degree,0.08755160701525716
median_income,business_applications_from_corporations,0.08825864095412865
business_applications_from_corporations,median_income,0.08825864095412865
taxes_on_production_and_imports_(topi),households_occupied_ratio,0.08851604885430679
households_occupied_ratio,taxes_on_production_and_imports_(topi),0.08851604885430679
population,subsidies,0.09038506494056286
subsidies,population,0.09038506494056286
edu_bachelor_degree,business_applications_from_corporations,0.09077900892764493
business_applications_from_corporations,edu_bachelor_degree,0.09077900892764493
per_pupil_expenditure,mean_usual_hours,0.09283474961348089
mean_usual_hours,per_pupil_expenditure,0.09283474961348089
edu_bachelor_degree,high_propensity_business_application,0.09411048341397564
high_propensity_business_application,edu_bachelor_degree,0.09411048341397564
edu_associate_degree,business_applications,0.09489224710958227
business_applications,edu_associate_degree,0.09489224710958227
per_capita_personal_income,high_propensity_business_application,0.09742062837941194
high_propensity_business_application,per_capita_personal_income,0.09742062837941194
population,taxes_on_production_and_imports_(topi),0.10004883409585148
taxes_on_production_and_imports_(topi),population,0.10004883409585148
median_age,gdp_current_dollar,0.10440796131199681
gdp_current_dollar,median_age,0.10440796131199681
edu_high_school,poverty_rate,0.1046861966167222
poverty_rate,edu_high_school,0.1046861966167222
households_occupied_ratio,year,0.10561790300074846
year,households_occupied_ratio,0.10561790300074846
median_income,high_propensity_business_application,0.10854046962673704
high_propensity_business_application,median_income,0.10854046962673704
edu_total,per_capita_personal_income,0.10874092143128704
per_capita_personal_income,edu_total,0.10874092143128704
poverty_rate,edu_total,0.10879030709336036
edu_total,poverty_rate,0.10879030709336036
subsidies,median_income,0.10901395893378742
median_income,subsidies,0.10901395893378742
edu_bachelor_degree,business_applications,0.11352456715167969
business_applications,edu_bachelor_degree,0.11352456715167969
median_age,population,0.11434623112507877
population,median_age,0.11434623112507877
gdp_compensation,gdp_current_dollar,0.11455679500345645
gdp_current_dollar,gdp_compensation,0.11455679500345645
poverty_rate,population,0.11456043839047689
population,poverty_rate,0.11456043839047689
median_age,edu_associate_degree,0.11671045827622732
edu_associate_degree,median_age,0.11671045827622732
business_applications,year,0.11701909659432883
year,business_applications,0.11701909659432883
gdp_gross_operating_surplus,edu_associate_degree,0.11721897018449122
edu_associate_degree,gdp_gross_operating_surplus,0.11721897018449122
poverty_rate,per_pupil_revenue,0.11736845568706371
per_pupil_revenue,poverty_rate,0.11736845568706371
household_owner_occ_ratio,mean_usual_hours,0.11833116917232693
mean_usual_hours,household_owner_occ_ratio,0.11833116917232693
household_renter_occ_ratio,mean_usual_hours,0.11833116917232757
mean_usual_hours,household_renter_occ_ratio,0.11833116917232757
subsidies,gini_index,0.11909725389501281
gini_index,subsidies,0.11909725389501281
population,per_capita_personal_income,0.11960819206521861
per_capita_personal_income,population,0.11960819206521861
households_occupied_ratio,high_propensity_business_application,0.1216076823331083
high_propensity_business_application,households_occupied_ratio,0.1216076823331083
taxes_on_production_and_imports_(topi),high_propensity_business_application,0.12423339637398692
high_propensity_business_application,taxes_on_production_and_imports_(topi),0.12423339637398692
subsidies,house_median_value,0.12426105069939941
house_median_value,subsidies,0.12426105069939941
edu_associate_degree,gdp_current_dollar,0.1271451279020011
gdp_current_dollar,edu_associate_degree,0.1271451279020011
edu_associate_degree,edu_total,0.1302923761395592
edu_total,edu_associate_degree,0.1302923761395592
median_income,edu_total,0.1312741968934948
edu_total,median_income,0.1312741968934948
edu_bachelor_degree,mean_usual_hours,0.13189997188207367
mean_usual_hours,edu_bachelor_degree,0.13189997188207367
households_occupied_ratio,business_applications,0.13201755253947373
business_applications,households_occupied_ratio,0.13201755253947373
house_low_value_quartile,year,0.13289682617413823
year,house_low_value_quartile,0.13289682617413823
house_upper_value_quartile,mean_usual_hours,0.13326189288846196
mean_usual_hours,house_upper_value_quartile,0.13326189288846196
gdp_current_dollar,edu_master_degree,0.13327354962060683
edu_master_degree,gdp_current_dollar,0.13327354962060683
per_pupil_revenue,edu_high_school,0.13369489372709997
edu_high_school,per_pupil_revenue,0.13369489372709997
poverty_rate,per_pupil_expenditure,0.13560932293409353
per_pupil_expenditure,poverty_rate,0.13560932293409353
median_income,population,0.1358244442442547
population,median_income,0.1358244442442547
house_upper_value_quartile,subsidies,0.1358391605187669
subsidies,house_upper_value_quartile,0.1358391605187669
edu_associate_degree,population,0.13652277552305436
population,edu_associate_degree,0.13652277552305436
business_applications_from_corporations,taxes_on_production_and_imports_(topi),0.1367075118349929
taxes_on_production_and_imports_(topi),business_applications_from_corporations,0.1367075118349929
gini_index,median_income,0.14007585662398053
median_income,gini_index,0.14007585662398053
poverty_rate,taxes_on_production_and_imports_(topi),0.14138157150574368
taxes_on_production_and_imports_(topi),poverty_rate,0.14138157150574368
median_age,gdp_compensation,0.14451685743009984
gdp_compensation,median_age,0.14451685743009984
rent_low_value_quartile,edu_associate_degree,0.1461934357830034
edu_associate_degree,rent_low_value_quartile,0.1461934357830034
house_low_value_quartile,edu_total,0.14700937215623303
edu_total,house_low_value_quartile,0.14700937215623303
taxes_on_production_and_imports_(topi),business_applications,0.1512261145356386
business_applications,taxes_on_production_and_imports_(topi),0.1512261145356386
per_pupil_expenditure,edu_associate_degree,0.15135418024054062
edu_associate_degree,per_pupil_expenditure,0.15135418024054062
per_cap_gdp_current_dollar,median_age,0.15419625889018682
median_age,per_cap_gdp_current_dollar,0.15419625889018682
year,house_median_value,0.16020023899530972
house_median_value,year,0.16020023899530972
gdp_current_dollar,per_cap_gdp_current_dollar,0.16063596018686122
per_cap_gdp_current_dollar,gdp_current_dollar,0.16063596018686122
edu_master_degree,subsidies,0.16186014715033464
subsidies,edu_master_degree,0.16186014715033464
edu_associate_degree,per_pupil_revenue,0.16335643475282546
per_pupil_revenue,edu_associate_degree,0.16335643475282546
gdp_current_dollar,edu_bachelor_degree,0.16441843928555255
edu_bachelor_degree,gdp_current_dollar,0.16441843928555255
mean_usual_hours,house_median_value,0.16488045758631995
house_median_value,mean_usual_hours,0.16488045758631995
year,edu_high_school,0.16542975097270152
edu_high_school,year,0.16542975097270152
gini_index,mean_usual_hours,0.1667290310972332
mean_usual_hours,gini_index,0.1667290310972332
year,house_upper_value_quartile,0.16701658856657037
house_upper_value_quartile,year,0.16701658856657037
per_capita_personal_income,business_applications,0.1687539723477164
business_applications,per_capita_personal_income,0.1687539723477164
business_applications,median_income,0.16959973768272324
median_income,business_applications,0.16959973768272324
edu_associate_degree,edu_bachelor_degree,0.17111237487019632
edu_bachelor_degree,edu_associate_degree,0.17111237487019632
households_occupied_ratio,subsidies,0.17344576833305372
subsidies,households_occupied_ratio,0.17344576833305372
house_low_value_quartile,population,0.17391745298071168
population,house_low_value_quartile,0.17391745298071168
median_age,per_capita_personal_income,0.17621502559240287
per_capita_personal_income,median_age,0.17621502559240287
poverty_rate,mean_usual_hours,0.17626769343192322
mean_usual_hours,poverty_rate,0.17626769343192322
gdp_compensation,mean_usual_hours,0.17912670712061235
mean_usual_hours,gdp_compensation,0.17912670712061235
edu_bachelor_degree,household_renter_occ_ratio,0.180567500426953
household_renter_occ_ratio,edu_bachelor_degree,0.180567500426953
edu_bachelor_degree,household_owner_occ_ratio,0.18056750042695333
household_owner_occ_ratio,edu_bachelor_degree,0.18056750042695333
median_income,mean_usual_hours,0.18090351633787907
mean_usual_hours,median_income,0.18090351633787907
per_pupil_revenue,gdp_current_dollar,0.1814698711358043
gdp_current_dollar,per_pupil_revenue,0.1814698711358043
gdp_current_dollar,per_pupil_expenditure,0.18216768648977924
per_pupil_expenditure,gdp_current_dollar,0.18216768648977924
subsidies,per_pupil_expenditure,0.18433194155798166
per_pupil_expenditure,subsidies,0.18433194155798166
mean_usual_hours,year,0.18672002268391574
year,mean_usual_hours,0.18672002268391574
gdp_gross_operating_surplus,median_age,0.18855892407440714
median_age,gdp_gross_operating_surplus,0.18855892407440714
edu_high_school,edu_total,0.1903637940060992
edu_total,edu_high_school,0.1903637940060992
business_applications,house_low_value_quartile,0.19118150352994648
house_low_value_quartile,business_applications,0.19118150352994648
subsidies,edu_high_school,0.19421142362312485
edu_high_school,subsidies,0.19421142362312485
high_propensity_business_application,house_low_value_quartile,0.19643879695971986
house_low_value_quartile,high_propensity_business_application,0.19643879695971986
population,edu_high_school,0.1967012540847901
edu_high_school,population,0.1967012540847901
rent_median_value,edu_associate_degree,0.19711915904451452
edu_associate_degree,rent_median_value,0.19711915904451452
year,gdp_current_dollar,0.2031606969263985
gdp_current_dollar,year,0.2031606969263985
median_age,poverty_rate,0.20434281918519454
poverty_rate,median_age,0.20434281918519454
gdp_gross_operating_surplus,gdp_current_dollar,0.20457741754717892
gdp_current_dollar,gdp_gross_operating_surplus,0.20457741754717892
business_applications_from_corporations,edu_high_school,0.20571882027366595
edu_high_school,business_applications_from_corporations,0.20571882027366595
mean_usual_hours,house_low_value_quartile,0.20797247550857706
house_low_value_quartile,mean_usual_hours,0.20797247550857706
business_applications_from_corporations,house_low_value_quartile,0.21105796659269577
house_low_value_quartile,business_applications_from_corporations,0.21105796659269577
mean_usual_hours,per_cap_gdp_current_dollar,0.2112370155260152
per_cap_gdp_current_dollar,mean_usual_hours,0.2112370155260152
households_occupied_ratio,rent_low_value_quartile,0.2126557435166656
rent_low_value_quartile,households_occupied_ratio,0.2126557435166656
edu_associate_degree,subsidies,0.21594796994570192
subsidies,edu_associate_degree,0.21594796994570192
rent_upper_value_quartile,mean_usual_hours,0.2165737110106114
mean_usual_hours,rent_upper_value_quartile,0.2165737110106114
per_capita_personal_income,poverty_rate,0.21675805763389436
poverty_rate,per_capita_personal_income,0.21675805763389436
house_low_value_quartile,gini_index,0.21895408708885566
gini_index,house_low_value_quartile,0.21895408708885566
household_renter_occ_ratio,year,0.2199831803365279
year,household_renter_occ_ratio,0.2199831803365279
household_owner_occ_ratio,year,0.21998318033652797
year,household_owner_occ_ratio,0.21998318033652797
households_occupied_ratio,household_owner_occ_ratio,0.22033351049302802
household_owner_occ_ratio,households_occupied_ratio,0.22033351049302802
household_renter_occ_ratio,households_occupied_ratio,0.22033351049302813
households_occupied_ratio,household_renter_occ_ratio,0.22033351049302813
subsidies,edu_total,0.22060561770477607
edu_total,subsidies,0.22060561770477607
gdp_compensation,households_occupied_ratio,0.22096270713017585
households_occupied_ratio,gdp_compensation,0.22096270713017585
subsidies,median_age,0.22242001178067541
median_age,subsidies,0.22242001178067541
edu_high_school,high_propensity_business_application,0.22415046752813425
high_propensity_business_application,edu_high_school,0.22415046752813425
edu_associate_degree,rent_upper_value_quartile,0.22841193880293192
rent_upper_value_quartile,edu_associate_degree,0.22841193880293192
per_pupil_revenue,subsidies,0.22852689336866766
subsidies,per_pupil_revenue,0.22852689336866766
edu_high_school,business_applications,0.23037779414500598
business_applications,edu_high_school,0.23037779414500598
taxes_on_production_and_imports_(topi),mean_usual_hours,0.23185712899106536
mean_usual_hours,taxes_on_production_and_imports_(topi),0.23185712899106536
gini_index,edu_high_school,0.2329435628935569
edu_high_school,gini_index,0.2329435628935569
households_occupied_ratio,rent_median_value,0.23814585689069587
rent_median_value,households_occupied_ratio,0.23814585689069587
median_monthly_house_cost,gini_index,0.2387903323361888
gini_index,median_monthly_house_cost,0.2387903323361888
poverty_rate,households_occupied_ratio,0.2399943775409963
households_occupied_ratio,poverty_rate,0.2399943775409963
house_upper_value_quartile,poverty_rate,0.2426838738484862
poverty_rate,house_upper_value_quartile,0.2426838738484862
households_occupied_ratio,edu_total,0.2429575858612317
edu_total,households_occupied_ratio,0.2429575858612317
edu_total,house_median_value,0.24383005007697178
house_median_value,edu_total,0.24383005007697178
population,households_occupied_ratio,0.2442903658542681
households_occupied_ratio,population,0.2442903658542681
subsidies,household_owner_occ_ratio,0.24698148333781636
household_owner_occ_ratio,subsidies,0.24698148333781636
subsidies,household_renter_occ_ratio,0.24698148333781753
household_renter_occ_ratio,subsidies,0.24698148333781753
households_occupied_ratio,per_cap_gdp_current_dollar,0.24867889440021368
per_cap_gdp_current_dollar,households_occupied_ratio,0.24867889440021368
year,median_age,0.25020659828237113
median_age,year,0.25020659828237113
gdp_gross_operating_surplus,mean_usual_hours,0.2516838489156833
mean_usual_hours,gdp_gross_operating_surplus,0.2516838489156833
house_low_value_quartile,edu_associate_degree,0.2541285053777632
edu_associate_degree,house_low_value_quartile,0.2541285053777632
rent_upper_value_quartile,households_occupied_ratio,0.25538604075334803
households_occupied_ratio,rent_upper_value_quartile,0.25538604075334803
edu_high_school,gdp_current_dollar,0.25551242116036066
gdp_current_dollar,edu_high_school,0.25551242116036066
median_monthly_house_cost,edu_total,0.2555323582152316
edu_total,median_monthly_house_cost,0.2555323582152316
taxes_on_production_and_imports_(topi),gdp_current_dollar,0.2565868768150608
gdp_current_dollar,taxes_on_production_and_imports_(topi),0.2565868768150608
median_income,gdp_current_dollar,0.25868596480618217
gdp_current_dollar,median_income,0.25868596480618217
year,edu_associate_degree,0.25915916643652404
edu_associate_degree,year,0.25915916643652404
households_occupied_ratio,per_capita_personal_income,0.26127994513122255
per_capita_personal_income,households_occupied_ratio,0.26127994513122255
rent_median_value,mean_usual_hours,0.2620307374814514
mean_usual_hours,rent_median_value,0.2620307374814514
households_occupied_ratio,edu_master_degree,0.26205214027449897
edu_master_degree,households_occupied_ratio,0.26205214027449897
median_income,household_renter_occ_ratio,0.2621639631106324
household_renter_occ_ratio,median_income,0.2621639631106324
household_owner_occ_ratio,median_income,0.2621639631106327
median_income,household_owner_occ_ratio,0.2621639631106327
high_propensity_business_application,median_monthly_house_cost,0.2646934178223577
median_monthly_house_cost,high_propensity_business_application,0.2646934178223577
gdp_current_dollar,house_low_value_quartile,0.26480827343530594
house_low_value_quartile,gdp_current_dollar,0.26480827343530594
business_applications_from_corporations,median_monthly_house_cost,0.265146358462999
median_monthly_house_cost,business_applications_from_corporations,0.265146358462999
population,house_median_value,0.2654287272290921
house_median_value,population,0.2654287272290921
gini_index,rent_low_value_quartile,0.2675960421194444
rent_low_value_quartile,gini_index,0.2675960421194444
business_applications,median_monthly_house_cost,0.2681928534177825
median_monthly_house_cost,business_applications,0.2681928534177825
per_pupil_expenditure,household_renter_occ_ratio,0.2682262431670453
household_renter_occ_ratio,per_pupil_expenditure,0.2682262431670453
per_pupil_expenditure,household_owner_occ_ratio,0.2682262431670457
household_owner_occ_ratio,per_pupil_expenditure,0.2682262431670457
median_monthly_house_cost,population,0.2682990390528797
population,median_monthly_house_cost,0.2682990390528797
year,edu_master_degree,0.269027789606913
edu_master_degree,year,0.269027789606913
median_age,household_renter_occ_ratio,0.26907548142782023
household_renter_occ_ratio,median_age,0.26907548142782023
median_age,household_owner_occ_ratio,0.2690754814278206
household_owner_occ_ratio,median_age,0.2690754814278206
median_monthly_house_cost,edu_associate_degree,0.27034354338629646
edu_associate_degree,median_monthly_house_cost,0.27034354338629646
house_median_value,edu_associate_degree,0.2724294179282367
edu_associate_degree,house_median_value,0.2724294179282367
rent_upper_value_quartile,poverty_rate,0.27254536201190355
poverty_rate,rent_upper_value_quartile,0.27254536201190355
gini_index,year,0.2745583687026529
year,gini_index,0.2745583687026529
mean_usual_hours,median_age,0.2765703285902852
median_age,mean_usual_hours,0.2765703285902852
house_median_value,business_applications,0.27967416112449545
business_applications,house_median_value,0.27967416112449545
median_monthly_house_cost,mean_usual_hours,0.2813891990307153
mean_usual_hours,median_monthly_house_cost,0.2813891990307153
house_median_value,high_propensity_business_application,0.2871272315256693
high_propensity_business_application,house_median_value,0.2871272315256693
edu_associate_degree,per_cap_gdp_current_dollar,0.28741696864453586
per_cap_gdp_current_dollar,edu_associate_degree,0.28741696864453586
gdp_gross_operating_surplus,households_occupied_ratio,0.29117161125848523
households_occupied_ratio,gdp_gross_operating_surplus,0.29117161125848523
edu_bachelor_degree,year,0.29205876274248016
year,edu_bachelor_degree,0.29205876274248016
subsidies,edu_bachelor_degree,0.29356666632859957
edu_bachelor_degree,subsidies,0.29356666632859957
gdp_current_dollar,households_occupied_ratio,0.29432164383669385
households_occupied_ratio,gdp_current_dollar,0.29432164383669385
house_upper_value_quartile,edu_associate_degree,0.2955183066080757
edu_associate_degree,house_upper_value_quartile,0.2955183066080757
edu_master_degree,poverty_rate,0.29577270226204794
poverty_rate,edu_master_degree,0.29577270226204794
gdp_current_dollar,per_capita_personal_income,0.2966039516658148
per_capita_personal_income,gdp_current_dollar,0.2966039516658148
poverty_rate,house_median_value,0.3052811057867678
house_median_value,poverty_rate,0.3052811057867678
house_median_value,business_applications_from_corporations,0.30625444057815393
business_applications_from_corporations,house_median_value,0.30625444057815393
rent_low_value_quartile,mean_usual_hours,0.3084355034009605
mean_usual_hours,rent_low_value_quartile,0.3084355034009605
median_age,per_pupil_revenue,0.3136930187907486
per_pupil_revenue,median_age,0.3136930187907486
house_upper_value_quartile,edu_total,0.3192759424409844
edu_total,house_upper_value_quartile,0.3192759424409844
rent_low_value_quartile,business_applications_from_corporations,0.3211993897169112
business_applications_from_corporations,rent_low_value_quartile,0.3211993897169112
taxes_on_production_and_imports_(topi),gini_index,0.32148328288669276
gini_index,taxes_on_production_and_imports_(topi),0.32148328288669276
household_renter_occ_ratio,per_pupil_revenue,0.3221254691722894
per_pupil_revenue,household_renter_occ_ratio,0.3221254691722894
household_owner_occ_ratio,per_pupil_revenue,0.3221254691722899
per_pupil_revenue,household_owner_occ_ratio,0.3221254691722899
house_median_value,gini_index,0.32249438855553203
gini_index,house_median_value,0.32249438855553203
poverty_rate,rent_median_value,0.3230764683322977
rent_median_value,poverty_rate,0.3230764683322977
subsidies,year,0.32429555682756106
year,subsidies,0.32429555682756106
house_upper_value_quartile,population,0.32580483387505865
population,house_upper_value_quartile,0.32580483387505865
household_owner_occ_ratio,business_applications_from_corporations,0.32694039266525454
business_applications_from_corporations,household_owner_occ_ratio,0.32694039266525454
business_applications_from_corporations,household_renter_occ_ratio,0.3269403926652557
household_renter_occ_ratio,business_applications_from_corporations,0.3269403926652557
gini_index,business_applications_from_corporations,0.3276652096516044
business_applications_from_corporations,gini_index,0.3276652096516044
rent_low_value_quartile,population,0.32901264634953825
population,rent_low_value_quartile,0.32901264634953825
house_median_value,households_occupied_ratio,0.3326789859940982
households_occupied_ratio,house_median_value,0.3326789859940982
house_low_value_quartile,households_occupied_ratio,0.33281763150484595
households_occupied_ratio,house_low_value_quartile,0.33281763150484595
house_upper_value_quartile,households_occupied_ratio,0.33310357620650705
households_occupied_ratio,house_upper_value_quartile,0.33310357620650705
edu_high_school,taxes_on_production_and_imports_(topi),0.3358277928752664
taxes_on_production_and_imports_(topi),edu_high_school,0.3358277928752664
household_renter_occ_ratio,population,0.33663336048727166
population,household_renter_occ_ratio,0.33663336048727166
population,household_owner_occ_ratio,0.3366333604872718
household_owner_occ_ratio,population,0.3366333604872718
household_owner_occ_ratio,high_propensity_business_application,0.33705802222015574
high_propensity_business_application,household_owner_occ_ratio,0.33705802222015574
high_propensity_business_application,household_renter_occ_ratio,0.33705802222015635
household_renter_occ_ratio,high_propensity_business_application,0.33705802222015635
business_applications,house_upper_value_quartile,0.3373494948533518
house_upper_value_quartile,business_applications,0.3373494948533518
business_applications_from_corporations,rent_median_value,0.34256451881925165
rent_median_value,business_applications_from_corporations,0.34256451881925165
house_upper_value_quartile,high_propensity_business_application,0.3444020810215563
high_propensity_business_application,house_upper_value_quartile,0.3444020810215563
edu_total,rent_low_value_quartile,0.3447935277228629
rent_low_value_quartile,edu_total,0.3447935277228629
population,rent_median_value,0.34529990078582096
rent_median_value,population,0.34529990078582096
high_propensity_business_application,rent_low_value_quartile,0.34656043746930004
rent_low_value_quartile,high_propensity_business_application,0.34656043746930004
median_monthly_house_cost,gdp_current_dollar,0.3470215023357639
gdp_current_dollar,median_monthly_house_cost,0.3470215023357639
edu_associate_degree,edu_master_degree,0.3470927389098934
edu_master_degree,edu_associate_degree,0.3470927389098934
household_owner_occ_ratio,poverty_rate,0.3511399860878136
poverty_rate,household_owner_occ_ratio,0.3511399860878136
household_renter_occ_ratio,poverty_rate,0.3511399860878141
poverty_rate,household_renter_occ_ratio,0.3511399860878141
gini_index,high_propensity_business_application,0.351848973212908
high_propensity_business_application,gini_index,0.351848973212908
edu_total,household_owner_occ_ratio,0.3528021063130035
household_owner_occ_ratio,edu_total,0.3528021063130035
edu_total,household_renter_occ_ratio,0.35280210631300446
household_renter_occ_ratio,edu_total,0.35280210631300446
median_income,households_occupied_ratio,0.35285773443613566
households_occupied_ratio,median_income,0.35285773443613566
rent_upper_value_quartile,business_applications_from_corporations,0.3532077203914346
business_applications_from_corporations,rent_upper_value_quartile,0.3532077203914346
business_applications,household_owner_occ_ratio,0.35387609293569866
household_owner_occ_ratio,business_applications,0.35387609293569866
business_applications,household_renter_occ_ratio,0.35387609293569894
household_renter_occ_ratio,business_applications,0.35387609293569894
households_occupied_ratio,edu_high_school,0.3544297431984423
edu_high_school,households_occupied_ratio,0.3544297431984423
gdp_compensation,year,0.35501381419977796
year,gdp_compensation,0.35501381419977796
edu_associate_degree,gdp_compensation,0.358309783911548
gdp_compensation,edu_associate_degree,0.358309783911548
high_propensity_business_application,rent_median_value,0.3584314163792239
rent_median_value,high_propensity_business_application,0.3584314163792239
rent_upper_value_quartile,population,0.35876050865331516
population,rent_upper_value_quartile,0.35876050865331516
gini_index,gdp_gross_operating_surplus,0.36265156083518274
gdp_gross_operating_surplus,gini_index,0.36265156083518274
households_occupied_ratio,edu_bachelor_degree,0.3630194084791959
edu_bachelor_degree,households_occupied_ratio,0.3630194084791959
business_applications_from_corporations,house_upper_value_quartile,0.3645167275208292
house_upper_value_quartile,business_applications_from_corporations,0.3645167275208292
edu_total,rent_median_value,0.36471532695911413
rent_median_value,edu_total,0.36471532695911413
gdp_current_dollar,house_median_value,0.36527764579191696
house_median_value,gdp_current_dollar,0.36527764579191696
high_propensity_business_application,rent_upper_value_quartile,0.36536080143348315
rent_upper_value_quartile,high_propensity_business_application,0.36536080143348315
gini_index,population,0.3657659101854785
population,gini_index,0.3657659101854785
rent_median_value,gini_index,0.3665857789328563
gini_index,rent_median_value,0.3665857789328563
house_low_value_quartile,poverty_rate,0.3668708007226122
poverty_rate,house_low_value_quartile,0.3668708007226122
per_pupil_expenditure,gini_index,0.3710423108444701
gini_index,per_pupil_expenditure,0.3710423108444701
poverty_rate,rent_low_value_quartile,0.37417377671026314
rent_low_value_quartile,poverty_rate,0.37417377671026314
gini_index,per_pupil_revenue,0.3743221175879227
per_pupil_revenue,gini_index,0.3743221175879227
business_applications,gini_index,0.37681285239173323
gini_index,business_applications,0.37681285239173323
gdp_compensation,subsidies,0.3774489056565846
subsidies,gdp_compensation,0.3774489056565846
edu_total,rent_upper_value_quartile,0.3781756786655281
rent_upper_value_quartile,edu_total,0.3781756786655281
subsidies,taxes_on_production_and_imports_(topi),0.3805395850134748
taxes_on_production_and_imports_(topi),subsidies,0.3805395850134748
gini_index,edu_total,0.3810980070804085
edu_total,gini_index,0.3810980070804085
households_occupied_ratio,median_monthly_house_cost,0.3883203457289745
median_monthly_house_cost,households_occupied_ratio,0.3883203457289745
subsidies,per_cap_gdp_current_dollar,0.38994059547384385
per_cap_gdp_current_dollar,subsidies,0.38994059547384385
subsidies,mean_usual_hours,0.3932622680711599
mean_usual_hours,subsidies,0.3932622680711599
gdp_current_dollar,household_renter_occ_ratio,0.39636257492351834
household_renter_occ_ratio,gdp_current_dollar,0.39636257492351834
gdp_current_dollar,household_owner_occ_ratio,0.3963625749235186
household_owner_occ_ratio,gdp_current_dollar,0.3963625749235186
gini_index,per_capita_personal_income,0.39686720960930494
per_capita_personal_income,gini_index,0.39686720960930494
median_monthly_house_cost,poverty_rate,0.3997638989861491
poverty_rate,median_monthly_house_cost,0.3997638989861491
gini_index,gdp_current_dollar,0.4007078585353179
gdp_current_dollar,gini_index,0.4007078585353179
house_upper_value_quartile,gini_index,0.40233034506420984
gini_index,house_upper_value_quartile,0.40233034506420984
rent_low_value_quartile,business_applications,0.4030691241583028
business_applications,rent_low_value_quartile,0.4030691241583028
gdp_gross_operating_surplus,edu_high_school,0.4071834538378424
edu_high_school,gdp_gross_operating_surplus,0.4071834538378424
per_pupil_expenditure,median_age,0.4088455964927418
median_age,per_pupil_expenditure,0.4088455964927418
business_applications,rent_median_value,0.4109467551230316
rent_median_value,business_applications,0.4109467551230316
per_capita_personal_income,edu_high_school,0.4119114073668822
edu_high_school,per_capita_personal_income,0.4119114073668822
per_capita_personal_income,subsidies,0.412186791922316
subsidies,per_capita_personal_income,0.412186791922316
gdp_gross_operating_surplus,subsidies,0.4138962861444113
subsidies,gdp_gross_operating_surplus,0.4138962861444113
poverty_rate,edu_associate_degree,0.41463082166503135
edu_associate_degree,poverty_rate,0.41463082166503135
rent_upper_value_quartile,business_applications,0.41497981544597734
business_applications,rent_upper_value_quartile,0.41497981544597734
per_capita_personal_income,household_owner_occ_ratio,0.4194047046190029
household_owner_occ_ratio,per_capita_personal_income,0.4194047046190029
per_capita_personal_income,household_renter_occ_ratio,0.4194047046190034
household_renter_occ_ratio,per_capita_personal_income,0.4194047046190034
gdp_current_dollar,rent_low_value_quartile,0.4216489625475984
rent_low_value_quartile,gdp_current_dollar,0.4216489625475984
edu_associate_degree,household_owner_occ_ratio,0.4278295853786002
household_owner_occ_ratio,edu_associate_degree,0.4278295853786002
household_renter_occ_ratio,edu_associate_degree,0.42782958537860133
edu_associate_degree,household_renter_occ_ratio,0.42782958537860133
gdp_current_dollar,house_upper_value_quartile,0.4293904301409069
house_upper_value_quartile,gdp_current_dollar,0.4293904301409069
rent_upper_value_quartile,gini_index,0.43006767167435295
gini_index,rent_upper_value_quartile,0.43006767167435295
edu_master_degree,household_owner_occ_ratio,0.4394507737606706
household_owner_occ_ratio,edu_master_degree,0.4394507737606706
household_renter_occ_ratio,edu_master_degree,0.43945077376067154
edu_master_degree,household_renter_occ_ratio,0.43945077376067154
median_monthly_house_cost,household_owner_occ_ratio,0.4460458773583757
household_owner_occ_ratio,median_monthly_house_cost,0.4460458773583757
median_monthly_house_cost,household_renter_occ_ratio,0.446045877358376
household_renter_occ_ratio,median_monthly_house_cost,0.446045877358376
household_renter_occ_ratio,taxes_on_production_and_imports_(topi),0.44768311939873073
taxes_on_production_and_imports_(topi),household_renter_occ_ratio,0.44768311939873073
household_owner_occ_ratio,taxes_on_production_and_imports_(topi),0.4476831193987327
taxes_on_production_and_imports_(topi),household_owner_occ_ratio,0.4476831193987327
rent_upper_value_quartile,year,0.4486304670289895
year,rent_upper_value_quartile,0.4486304670289895
gini_index,edu_master_degree,0.45314216194764817
edu_master_degree,gini_index,0.45314216194764817
rent_median_value,gdp_current_dollar,0.4546650693391633
gdp_current_dollar,rent_median_value,0.4546650693391633
poverty_rate,gini_index,0.45837242437079706
gini_index,poverty_rate,0.45837242437079706
gdp_compensation,edu_high_school,0.45862197517515296
edu_high_school,gdp_compensation,0.45862197517515296
rent_median_value,year,0.45888265452540256
year,rent_median_value,0.45888265452540256
households_occupied_ratio,median_age,0.45997760431844975
median_age,households_occupied_ratio,0.45997760431844975
per_cap_gdp_current_dollar,year,0.4620886327828197
year,per_cap_gdp_current_dollar,0.4620886327828197
rent_low_value_quartile,year,0.4626933339378839
year,rent_low_value_quartile,0.4626933339378839
per_cap_gdp_current_dollar,edu_high_school,0.46272109778158427
edu_high_school,per_cap_gdp_current_dollar,0.46272109778158427
median_age,edu_high_school,0.46548802906550324
edu_high_school,median_age,0.46548802906550324
gdp_current_dollar,rent_upper_value_quartile,0.4746452585523937
rent_upper_value_quartile,gdp_current_dollar,0.4746452585523937
median_monthly_house_cost,gdp_gross_operating_surplus,0.477885170713502
gdp_gross_operating_surplus,median_monthly_house_cost,0.477885170713502
gini_index,per_cap_gdp_current_dollar,0.48470128905951604
per_cap_gdp_current_dollar,gini_index,0.48470128905951604
edu_bachelor_degree,gdp_compensation,0.48518955686425763
gdp_compensation,edu_bachelor_degree,0.48518955686425763
household_renter_occ_ratio,house_low_value_quartile,0.4854617017848163
house_low_value_quartile,household_renter_occ_ratio,0.4854617017848163
household_owner_occ_ratio,house_low_value_quartile,0.4854617017848182
house_low_value_quartile,household_owner_occ_ratio,0.4854617017848182
median_income,year,0.493740039286769
year,median_income,0.493740039286769
median_income,edu_high_school,0.4959430468176825
edu_high_school,median_income,0.4959430468176825
rent_low_value_quartile,household_renter_occ_ratio,0.4966875147072056
household_renter_occ_ratio,rent_low_value_quartile,0.4966875147072056
household_owner_occ_ratio,rent_low_value_quartile,0.4966875147072061
rent_low_value_quartile,household_owner_occ_ratio,0.4966875147072061
edu_bachelor_degree,per_pupil_expenditure,0.49786656725924977
per_pupil_expenditure,edu_bachelor_degree,0.49786656725924977
gdp_compensation,rent_low_value_quartile,0.500403587481958
rent_low_value_quartile,gdp_compensation,0.500403587481958
edu_bachelor_degree,per_pupil_revenue,0.5017087910036216
per_pupil_revenue,edu_bachelor_degree,0.5017087910036216
gdp_gross_operating_surplus,edu_bachelor_degree,0.503238500164002
edu_bachelor_degree,gdp_gross_operating_surplus,0.503238500164002
median_monthly_house_cost,taxes_on_production_and_imports_(topi),0.5073739230197294
taxes_on_production_and_imports_(topi),median_monthly_house_cost,0.5073739230197294
taxes_on_production_and_imports_(topi),house_low_value_quartile,0.5092815637056181
house_low_value_quartile,taxes_on_production_and_imports_(topi),0.5092815637056181
gdp_compensation,gini_index,0.5095404539517765
gini_index,gdp_compensation,0.5095404539517765
taxes_on_production_and_imports_(topi),edu_bachelor_degree,0.5102512152931405
edu_bachelor_degree,taxes_on_production_and_imports_(topi),0.5102512152931405
per_cap_gdp_current_dollar,edu_bachelor_degree,0.5189726949190103
edu_bachelor_degree,per_cap_gdp_current_dollar,0.5189726949190103
edu_master_degree,edu_high_school,0.520344807006716
edu_high_school,edu_master_degree,0.520344807006716
gdp_compensation,median_income,0.5209495093753991
median_income,gdp_compensation,0.5209495093753991
edu_associate_degree,gini_index,0.522671452582897
gini_index,edu_associate_degree,0.522671452582897
house_low_value_quartile,per_pupil_expenditure,0.5243727002101822
per_pupil_expenditure,house_low_value_quartile,0.5243727002101822
gdp_gross_operating_surplus,rent_low_value_quartile,0.5249850320955313
rent_low_value_quartile,gdp_gross_operating_surplus,0.5249850320955313
household_renter_occ_ratio,gdp_gross_operating_surplus,0.5252008729863537
gdp_gross_operating_surplus,household_owner_occ_ratio,0.5252008729863537
household_owner_occ_ratio,gdp_gross_operating_surplus,0.5252008729863537
gdp_gross_operating_surplus,household_renter_occ_ratio,0.5252008729863537
edu_high_school,median_monthly_house_cost,0.5358403763623367
median_monthly_house_cost,edu_high_school,0.5358403763623367
per_pupil_revenue,house_low_value_quartile,0.5438714335134618
house_low_value_quartile,per_pupil_revenue,0.5438714335134618
house_low_value_quartile,gdp_gross_operating_surplus,0.5440233030346782
gdp_gross_operating_surplus,house_low_value_quartile,0.5440233030346782
rent_low_value_quartile,per_cap_gdp_current_dollar,0.5455633913536235
per_cap_gdp_current_dollar,rent_low_value_quartile,0.5455633913536235
per_pupil_expenditure,rent_low_value_quartile,0.547485041035931
rent_low_value_quartile,per_pupil_expenditure,0.547485041035931
rent_low_value_quartile,per_pupil_revenue,0.5529796747375855
per_pupil_revenue,rent_low_value_quartile,0.5529796747375855
household_renter_occ_ratio,rent_median_value,0.5535813456539252
rent_median_value,household_renter_occ_ratio,0.5535813456539252
rent_median_value,household_owner_occ_ratio,0.5535813456539254
household_owner_occ_ratio,rent_median_value,0.5535813456539254
edu_master_degree,taxes_on_production_and_imports_(topi),0.5546537389460986
taxes_on_production_and_imports_(topi),edu_master_degree,0.5546537389460986
gdp_compensation,median_monthly_house_cost,0.5555222899656668
median_monthly_house_cost,gdp_compensation,0.5555222899656668
taxes_on_production_and_imports_(topi),house_median_value,0.5574967650779614
house_median_value,taxes_on_production_and_imports_(topi),0.5574967650779614
household_owner_occ_ratio,edu_high_school,0.5604070216946703
edu_high_school,household_owner_occ_ratio,0.5604070216946703
edu_high_school,household_renter_occ_ratio,0.5604070216946709
household_renter_occ_ratio,edu_high_school,0.5604070216946709
median_monthly_house_cost,per_cap_gdp_current_dollar,0.5639112937465808
per_cap_gdp_current_dollar,median_monthly_house_cost,0.5639112937465808
per_pupil_expenditure,house_median_value,0.5639995017809156
house_median_value,per_pupil_expenditure,0.5639995017809156
per_pupil_expenditure,house_upper_value_quartile,0.5655223791071833
house_upper_value_quartile,per_pupil_expenditure,0.5655223791071833
taxes_on_production_and_imports_(topi),house_upper_value_quartile,0.5682363741506016
house_upper_value_quartile,taxes_on_production_and_imports_(topi),0.5682363741506016
household_renter_occ_ratio,house_median_value,0.5682697429815646
house_median_value,household_renter_occ_ratio,0.5682697429815646
household_owner_occ_ratio,house_median_value,0.5682697429815651
house_median_value,household_owner_occ_ratio,0.5682697429815651
rent_median_value,gdp_compensation,0.576915685020975
gdp_compensation,rent_median_value,0.576915685020975
rent_median_value,gdp_gross_operating_surplus,0.578271322016896
gdp_gross_operating_surplus,rent_median_value,0.578271322016896
gdp_gross_operating_surplus,year,0.582547798470454
year,gdp_gross_operating_surplus,0.582547798470454
house_median_value,gdp_gross_operating_surplus,0.5830099395096193
gdp_gross_operating_surplus,house_median_value,0.5830099395096193
median_monthly_house_cost,per_pupil_revenue,0.584468886823804
per_pupil_revenue,median_monthly_house_cost,0.584468886823804
per_cap_gdp_current_dollar,median_income,0.5861922536113782
median_income,per_cap_gdp_current_dollar,0.5861922536113782
poverty_rate,median_income,0.5875279108140438
median_income,poverty_rate,0.5875279108140438
house_median_value,per_pupil_revenue,0.5888820133986234
per_pupil_revenue,house_median_value,0.5888820133986234
median_monthly_house_cost,per_pupil_expenditure,0.5890361101422456
per_pupil_expenditure,median_monthly_house_cost,0.5890361101422456
rent_low_value_quartile,edu_high_school,0.5905823233270499
edu_high_school,rent_low_value_quartile,0.5905823233270499
per_pupil_revenue,house_upper_value_quartile,0.5929104232979125
house_upper_value_quartile,per_pupil_revenue,0.5929104232979125
taxes_on_production_and_imports_(topi),rent_low_value_quartile,0.5966171243481596
rent_low_value_quartile,taxes_on_production_and_imports_(topi),0.5966171243481596
household_renter_occ_ratio,rent_upper_value_quartile,0.596698405515831
rent_upper_value_quartile,household_renter_occ_ratio,0.596698405515831
rent_upper_value_quartile,household_owner_occ_ratio,0.5966984055158313
household_owner_occ_ratio,rent_upper_value_quartile,0.5966984055158313
gdp_gross_operating_surplus,house_upper_value_quartile,0.5982985028906825
house_upper_value_quartile,gdp_gross_operating_surplus,0.5982985028906825
edu_high_school,edu_bachelor_degree,0.6017291481539104
edu_bachelor_degree,edu_high_school,0.6017291481539104
per_pupil_revenue,year,0.6029293102605129
year,per_pupil_revenue,0.6029293102605129
per_pupil_expenditure,year,0.6035447793949418
year,per_pupil_expenditure,0.6035447793949418
rent_upper_value_quartile,gdp_gross_operating_surplus,0.6051222155436582
gdp_gross_operating_surplus,rent_upper_value_quartile,0.6051222155436582
gdp_gross_operating_surplus,median_income,0.6058677556724346
median_income,gdp_gross_operating_surplus,0.6058677556724346
per_pupil_expenditure,rent_median_value,0.6060684302788274
rent_median_value,per_pupil_expenditure,0.6060684302788274
edu_high_school,house_low_value_quartile,0.6081671292787061
house_low_value_quartile,edu_high_school,0.6081671292787061
rent_median_value,per_pupil_revenue,0.6139574620166685
per_pupil_revenue,rent_median_value,0.6139574620166685
per_cap_gdp_current_dollar,rent_median_value,0.6163033780986007
rent_median_value,per_cap_gdp_current_dollar,0.6163033780986007
per_pupil_expenditure,gdp_compensation,0.6175493147126354
gdp_compensation,per_pupil_expenditure,0.6175493147126354
rent_upper_value_quartile,per_pupil_expenditure,0.6180427685930567
per_pupil_expenditure,rent_upper_value_quartile,0.6180427685930567
taxes_on_production_and_imports_(topi),year,0.6199710074031533
year,taxes_on_production_and_imports_(topi),0.6199710074031533
gdp_gross_operating_surplus,edu_master_degree,0.6217380623793537
edu_master_degree,gdp_gross_operating_surplus,0.6217380623793537
rent_upper_value_quartile,gdp_compensation,0.6240216530752751
gdp_compensation,rent_upper_value_quartile,0.6240216530752751
rent_median_value,edu_high_school,0.6242652856950459
edu_high_school,rent_median_value,0.6242652856950459
rent_median_value,taxes_on_production_and_imports_(topi),0.6243625715566791
taxes_on_production_and_imports_(topi),rent_median_value,0.6243625715566791
household_renter_occ_ratio,house_upper_value_quartile,0.624471385071683
house_upper_value_quartile,household_renter_occ_ratio,0.624471385071683
household_owner_occ_ratio,house_upper_value_quartile,0.6244713850716835
house_upper_value_quartile,household_owner_occ_ratio,0.6244713850716835
household_owner_occ_ratio,per_cap_gdp_current_dollar,0.6290226126981848
per_cap_gdp_current_dollar,household_owner_occ_ratio,0.6290226126981848
per_cap_gdp_current_dollar,household_renter_occ_ratio,0.6290226126981855
household_renter_occ_ratio,per_cap_gdp_current_dollar,0.6290226126981855
house_median_value,edu_high_school,0.630280950991019
edu_high_school,house_median_value,0.630280950991019
rent_upper_value_quartile,per_pupil_revenue,0.6319866194601839
per_pupil_revenue,rent_upper_value_quartile,0.6319866194601839
rent_upper_value_quartile,taxes_on_production_and_imports_(topi),0.635529595883069
taxes_on_production_and_imports_(topi),rent_upper_value_quartile,0.635529595883069
gdp_compensation,household_owner_occ_ratio,0.6361359375470563
household_owner_occ_ratio,gdp_compensation,0.6361359375470563
gdp_compensation,household_renter_occ_ratio,0.6361359375470573
household_renter_occ_ratio,gdp_compensation,0.6361359375470573
poverty_rate,edu_bachelor_degree,0.6365609416080472
edu_bachelor_degree,poverty_rate,0.6365609416080472
gdp_compensation,house_low_value_quartile,0.6384085101744231
house_low_value_quartile,gdp_compensation,0.6384085101744231
per_cap_gdp_current_dollar,house_low_value_quartile,0.641422227255348
house_low_value_quartile,per_cap_gdp_current_dollar,0.641422227255348
house_upper_value_quartile,edu_high_school,0.6414584578119621
edu_high_school,house_upper_value_quartile,0.6414584578119621
median_income,taxes_on_production_and_imports_(topi),0.6438879277888625
taxes_on_production_and_imports_(topi),median_income,0.6438879277888625
house_upper_value_quartile,edu_bachelor_degree,0.6464195671455414
edu_bachelor_degree,house_upper_value_quartile,0.6464195671455414
edu_high_school,rent_upper_value_quartile,0.647115621505617
rent_upper_value_quartile,edu_high_school,0.647115621505617
rent_upper_value_quartile,per_cap_gdp_current_dollar,0.6575919010258039
per_cap_gdp_current_dollar,rent_upper_value_quartile,0.6575919010258039
per_pupil_expenditure,median_income,0.6577633663044251
median_income,per_pupil_expenditure,0.6577633663044251
house_low_value_quartile,per_capita_personal_income,0.6599749010344874
per_capita_personal_income,house_low_value_quartile,0.6599749010344874
per_pupil_revenue,median_income,0.6615279460090793
median_income,per_pupil_revenue,0.6615279460090793
taxes_on_production_and_imports_(topi),gdp_compensation,0.6665590005966837
gdp_compensation,taxes_on_production_and_imports_(topi),0.6665590005966837
median_monthly_house_cost,per_capita_personal_income,0.6720229158546945
per_capita_personal_income,median_monthly_house_cost,0.6720229158546945
gdp_compensation,house_median_value,0.6732398144111855
house_median_value,gdp_compensation,0.6732398144111855
household_owner_occ_ratio,gini_index,0.6739020267669674
gini_index,household_owner_occ_ratio,0.6739020267669674
household_renter_occ_ratio,gini_index,0.6739020267669679
gini_index,household_renter_occ_ratio,0.6739020267669679
edu_bachelor_degree,house_median_value,0.6770709216022355
house_median_value,edu_bachelor_degree,0.6770709216022355
gdp_compensation,per_pupil_revenue,0.6787575227733031
per_pupil_revenue,gdp_compensation,0.6787575227733031
house_median_value,per_cap_gdp_current_dollar,0.6799436402206284
per_cap_gdp_current_dollar,house_median_value,0.6799436402206284
per_capita_personal_income,gdp_compensation,0.6817867207647342
gdp_compensation,per_capita_personal_income,0.6817867207647342
per_cap_gdp_current_dollar,per_pupil_expenditure,0.6891717392029033
per_pupil_expenditure,per_cap_gdp_current_dollar,0.6891717392029033
house_low_value_quartile,edu_bachelor_degree,0.6896676086731798
edu_bachelor_degree,house_low_value_quartile,0.6896676086731798
gdp_gross_operating_surplus,per_pupil_expenditure,0.6907847916154645
per_pupil_expenditure,gdp_gross_operating_surplus,0.6907847916154645
house_median_value,per_capita_personal_income,0.6930916703617258
per_capita_personal_income,house_median_value,0.6930916703617258
house_upper_value_quartile,per_capita_personal_income,0.6940734382614859
per_capita_personal_income,house_upper_value_quartile,0.6940734382614859
edu_bachelor_degree,edu_master_degree,0.6942486858972365
edu_master_degree,edu_bachelor_degree,0.6942486858972365
house_upper_value_quartile,gdp_compensation,0.6958664317159183
gdp_compensation,house_upper_value_quartile,0.6958664317159183
per_cap_gdp_current_dollar,house_upper_value_quartile,0.7009186321022276
house_upper_value_quartile,per_cap_gdp_current_dollar,0.7009186321022276
rent_low_value_quartile,edu_bachelor_degree,0.7022828540129411
edu_bachelor_degree,rent_low_value_quartile,0.7022828540129411
edu_bachelor_degree,rent_upper_value_quartile,0.7062765278583244
rent_upper_value_quartile,edu_bachelor_degree,0.7062765278583244
rent_low_value_quartile,edu_master_degree,0.7123160069658543
edu_master_degree,rent_low_value_quartile,0.7123160069658543
edu_bachelor_degree,median_monthly_house_cost,0.7130337200125187
median_monthly_house_cost,edu_bachelor_degree,0.7130337200125187
rent_median_value,edu_bachelor_degree,0.7142484065065174
edu_bachelor_degree,rent_median_value,0.7142484065065174
edu_master_degree,per_pupil_expenditure,0.7222170696347372
per_pupil_expenditure,edu_master_degree,0.7222170696347372
edu_bachelor_degree,per_capita_personal_income,0.7351332801913016
per_capita_personal_income,edu_bachelor_degree,0.7351332801913016
house_upper_value_quartile,median_income,0.7409309915113509
median_income,house_upper_value_quartile,0.7409309915113509
gdp_gross_operating_surplus,per_pupil_revenue,0.7435110499814155
per_pupil_revenue,gdp_gross_operating_surplus,0.7435110499814155
per_pupil_revenue,edu_master_degree,0.7474151905089774
edu_master_degree,per_pupil_revenue,0.7474151905089774
per_cap_gdp_current_dollar,per_pupil_revenue,0.7491828669671399
per_pupil_revenue,per_cap_gdp_current_dollar,0.7491828669671399
edu_master_degree,house_low_value_quartile,0.7616374292951748
house_low_value_quartile,edu_master_degree,0.7616374292951748
per_cap_gdp_current_dollar,taxes_on_production_and_imports_(topi),0.7634394150873285
taxes_on_production_and_imports_(topi),per_cap_gdp_current_dollar,0.7634394150873285
median_income,house_median_value,0.7674426899425436
house_median_value,median_income,0.7674426899425436
rent_low_value_quartile,per_capita_personal_income,0.7682729629276891
per_capita_personal_income,rent_low_value_quartile,0.7682729629276891
edu_master_degree,median_income,0.7693552878559492
median_income,edu_master_degree,0.7693552878559492
edu_master_degree,per_cap_gdp_current_dollar,0.7704653296565666
per_cap_gdp_current_dollar,edu_master_degree,0.7704653296565666
house_low_value_quartile,median_income,0.7704998532652848
median_income,house_low_value_quartile,0.7704998532652848
median_monthly_house_cost,edu_master_degree,0.7751867384740099
edu_master_degree,median_monthly_house_cost,0.7751867384740099
per_cap_gdp_current_dollar,per_capita_personal_income,0.77597849142623
per_capita_personal_income,per_cap_gdp_current_dollar,0.77597849142623
edu_master_degree,house_median_value,0.7822253017420283
house_median_value,edu_master_degree,0.7822253017420283
edu_master_degree,rent_median_value,0.7825379657640122
rent_median_value,edu_master_degree,0.7825379657640122
house_upper_value_quartile,edu_master_degree,0.7840363641431272
edu_master_degree,house_upper_value_quartile,0.7840363641431272
edu_master_degree,gdp_compensation,0.786462510051468
gdp_compensation,edu_master_degree,0.786462510051468
per_capita_personal_income,edu_master_degree,0.7889245234535589
edu_master_degree,per_capita_personal_income,0.7889245234535589
year,per_capita_personal_income,0.7958984773755146
per_capita_personal_income,year,0.7958984773755146
business_applications_from_corporations,gdp_current_dollar,0.7971444884485371
gdp_current_dollar,business_applications_from_corporations,0.7971444884485371
taxes_on_production_and_imports_(topi),gdp_gross_operating_surplus,0.7973538164324329
gdp_gross_operating_surplus,taxes_on_production_and_imports_(topi),0.7973538164324329
taxes_on_production_and_imports_(topi),per_pupil_expenditure,0.7976474774031042
per_pupil_expenditure,taxes_on_production_and_imports_(topi),0.7976474774031042
median_income,median_monthly_house_cost,0.8052253530308675
median_monthly_house_cost,median_income,0.8052253530308675
per_capita_personal_income,rent_median_value,0.8082205395522065
rent_median_value,per_capita_personal_income,0.8082205395522065
rent_upper_value_quartile,edu_master_degree,0.8108611444087551
edu_master_degree,rent_upper_value_quartile,0.8108611444087551
gdp_compensation,gdp_gross_operating_surplus,0.8141423473882976
gdp_gross_operating_surplus,gdp_compensation,0.8141423473882976
rent_upper_value_quartile,per_capita_personal_income,0.8180400173344579
per_capita_personal_income,rent_upper_value_quartile,0.8180400173344579
house_upper_value_quartile,rent_low_value_quartile,0.8205176351792068
rent_low_value_quartile,house_upper_value_quartile,0.8205176351792068
median_income,edu_bachelor_degree,0.821039725575717
edu_bachelor_degree,median_income,0.821039725575717
rent_low_value_quartile,house_low_value_quartile,0.8259915384690709
house_low_value_quartile,rent_low_value_quartile,0.8259915384690709
taxes_on_production_and_imports_(topi),per_pupil_revenue,0.8264932306223434
per_pupil_revenue,taxes_on_production_and_imports_(topi),0.8264932306223434
population,business_applications_from_corporations,0.8286457897922358
business_applications_from_corporations,population,0.8286457897922358
per_capita_personal_income,gdp_gross_operating_surplus,0.8290526777803743
gdp_gross_operating_surplus,per_capita_personal_income,0.8290526777803743
median_monthly_house_cost,rent_upper_value_quartile,0.8323081288230959
rent_upper_value_quartile,median_monthly_house_cost,0.8323081288230959
rent_upper_value_quartile,house_low_value_quartile,0.8349409085529651
house_low_value_quartile,rent_upper_value_quartile,0.8349409085529651
house_median_value,rent_low_value_quartile,0.8356328291260874
rent_low_value_quartile,house_median_value,0.8356328291260874
median_monthly_house_cost,rent_low_value_quartile,0.840323825316896
rent_low_value_quartile,median_monthly_house_cost,0.840323825316896
house_low_value_quartile,rent_median_value,0.8469882270410116
rent_median_value,house_low_value_quartile,0.8469882270410116
median_monthly_house_cost,rent_median_value,0.8502892841138722
rent_median_value,median_monthly_house_cost,0.8502892841138722
per_capita_personal_income,taxes_on_production_and_imports_(topi),0.8549142596995282
taxes_on_production_and_imports_(topi),per_capita_personal_income,0.8549142596995282
per_capita_personal_income,per_pupil_expenditure,0.8577790854686549
per_pupil_expenditure,per_capita_personal_income,0.8577790854686549
business_applications_from_corporations,edu_total,0.8605844723003804
edu_total,business_applications_from_corporations,0.8605844723003804
median_income,rent_upper_value_quartile,0.8652734601027933
rent_upper_value_quartile,median_income,0.8652734601027933
per_capita_personal_income,per_pupil_revenue,0.8683481819974158
per_pupil_revenue,per_capita_personal_income,0.8683481819974158
house_upper_value_quartile,median_monthly_house_cost,0.872980115292924
median_monthly_house_cost,house_upper_value_quartile,0.872980115292924
gdp_current_dollar,high_propensity_business_application,0.8743522902826601
high_propensity_business_application,gdp_current_dollar,0.8743522902826601
median_income,rent_low_value_quartile,0.8754940386499974
rent_low_value_quartile,median_income,0.8754940386499974
house_median_value,rent_median_value,0.8777879973437505
rent_median_value,house_median_value,0.8777879973437505
house_upper_value_quartile,rent_median_value,0.8781393350396345
rent_median_value,house_upper_value_quartile,0.8781393350396345
house_median_value,rent_upper_value_quartile,0.8814336090076088
rent_upper_value_quartile,house_median_value,0.8814336090076088
median_income,rent_median_value,0.8847551346695599
rent_median_value,median_income,0.8847551346695599
median_income,per_capita_personal_income,0.8849966571429215
per_capita_personal_income,median_income,0.8849966571429215
business_applications,business_applications_from_corporations,0.8875392021017791
business_applications_from_corporations,business_applications,0.8875392021017791
house_upper_value_quartile,rent_upper_value_quartile,0.8960375328134964
rent_upper_value_quartile,house_upper_value_quartile,0.8960375328134964
business_applications,gdp_current_dollar,0.8962596817121252
gdp_current_dollar,business_applications,0.8962596817121252
house_median_value,median_monthly_house_cost,0.897641819535566
median_monthly_house_cost,house_median_value,0.897641819535566
house_low_value_quartile,median_monthly_house_cost,0.9087552163942924
median_monthly_house_cost,house_low_value_quartile,0.9087552163942924
high_propensity_business_application,population,0.9142797325870637
population,high_propensity_business_application,0.9142797325870637
business_applications,population,0.9196669887209049
population,business_applications,0.9196669887209049
gdp_gross_operating_surplus,per_cap_gdp_current_dollar,0.9201113116728895
per_cap_gdp_current_dollar,gdp_gross_operating_surplus,0.9201113116728895
edu_total,high_propensity_business_application,0.9350378068135882
high_propensity_business_application,edu_total,0.9350378068135882
edu_total,business_applications,0.9393626026533061
business_applications,edu_total,0.9393626026533061
rent_upper_value_quartile,rent_low_value_quartile,0.9419486433025863
rent_low_value_quartile,rent_upper_value_quartile,0.9419486433025863
house_low_value_quartile,house_upper_value_quartile,0.9428956328110146
house_upper_value_quartile,house_low_value_quartile,0.9428956328110146
gdp_current_dollar,population,0.9531050690041585
population,gdp_current_dollar,0.9531050690041585
business_applications_from_corporations,high_propensity_business_application,0.9680377288570158
high_propensity_business_application,business_applications_from_corporations,0.9680377288570158
business_applications,high_propensity_business_application,0.9681295288244929
high_propensity_business_application,business_applications,0.9681295288244929
gdp_current_dollar,edu_total,0.9747006421115668
edu_total,gdp_current_dollar,0.9747006421115668
per_cap_gdp_current_dollar,gdp_compensation,0.9754717300767843
gdp_compensation,per_cap_gdp_current_dollar,0.9754717300767843
rent_low_value_quartile,rent_median_value,0.977319254017327
rent_median_value,rent_low_value_quartile,0.977319254017327
house_low_value_quartile,house_median_value,0.9789081940772928
house_median_value,house_low_value_quartile,0.9789081940772928
per_pupil_expenditure,per_pupil_revenue,0.9850222014116086
per_pupil_revenue,per_pupil_expenditure,0.9850222014116086
house_median_value,house_upper_value_quartile,0.9881670125201956
house_upper_value_quartile,house_median_value,0.9881670125201956
rent_upper_value_quartile,rent_median_value,0.9888868702178075
rent_median_value,rent_upper_value_quartile,0.9888868702178075
population,edu_total,0.9989863824962751
edu_total,population,0.9989863824962751
household_renter_occ_ratio,household_owner_occ_ratio,0.9999999999999994
household_owner_occ_ratio,household_renter_occ_ratio,0.9999999999999994
year,year,1.0
business_applications,business_applications,1.0
population,population,1.0
subsidies,subsidies,1.0
taxes_on_production_and_imports_(topi),taxes_on_production_and_imports_(topi),1.0
gdp_compensation,gdp_compensation,1.0
gdp_current_dollar,gdp_current_dollar,1.0
gdp_gross_operating_surplus,gdp_gross_operating_surplus,1.0
per_capita_personal_income,per_capita_personal_income,1.0
per_cap_gdp_current_dollar,per_cap_gdp_current_dollar,1.0
poverty_rate,poverty_rate,1.0
gini_index,gini_index,1.0
median_age,median_age,1.0
median_income,median_income,1.0
mean_usual_hours,mean_usual_hours,1.0
median_monthly_house_cost,median_monthly_house_cost,1.0
business_applications_from_corporations,business_applications_from_corporations,1.0
house_low_value_quartile,house_low_value_quartile,1.0
house_upper_value_quartile,house_upper_value_quartile,1.0
rent_low_value_quartile,rent_low_value_quartile,1.0
rent_median_value,rent_median_value,1.0
rent_upper_value_quartile,rent_upper_value_quartile,1.0
household_renter_occ_ratio,household_renter_occ_ratio,1.0
household_owner_occ_ratio,household_owner_occ_ratio,1.0
households_occupied_ratio,households_occupied_ratio,1.0
per_pupil_revenue,per_pupil_revenue,1.0
per_pupil_expenditure,per_pupil_expenditure,1.0
edu_associate_degree,edu_associate_degree,1.0
edu_bachelor_degree,edu_bachelor_degree,1.0
edu_high_school,edu_high_school,1.0
edu_master_degree,edu_master_degree,1.0
edu_total,edu_total,1.0
house_median_value,house_median_value,1.0
high_propensity_business_application,high_propensity_business_application,1.0
